"Longitude (x)","Latitude (y)","Station Name","Climate ID","Date/Time","Year","Month","Mean Max Temp (°C)","Mean Max Temp Flag","Mean Min Temp (°C)","Mean Min Temp Flag","Mean Temp (°C)","Mean Temp Flag","Extr Max Temp (°C)","Extr Max Temp Flag","Extr Min Temp (°C)","Extr Min Temp Flag","Total Rain (mm)","Total Rain Flag","Total Snow (cm)","Total Snow Flag","Total Precip (mm)","Total Precip Flag","Snow Grnd Last Day (cm)","Snow Grnd Last Day Flag","Dir of Max Gust (10's deg)","Dir of Max Gust Flag","Spd of Max Gust (km/h)","Spd of Max Gust Flag"
"-78.55","45.58","ALGONQUIN PARK","6080189","1917-01","1917","01","","M","","M","","M","","M","","M","","M","","M","","M","","","","","",""
"-78.55","45.58","ALGONQUIN PARK","6080189","1917-02","1917","02","","M","","M","","M","","M","","M","","M","","M","","M","","","","","",""
"-78.55","45.58","ALGONQUIN PARK","6080189","1917-03","1917","03","","M","","M","","M","","M","","M","","M","","M","","M","","","","","",""
"-78.55","45.58","ALGONQUIN PARK","6080189","1917-04","1917","04","","M","","M","","M","","M","","M","","M","","M","","M","","","","","",""
"-78.55","45.58","ALGONQUIN PARK","6080189","1917-05","1917","05","","M","","M","","M","","M","","M","","M","","M","","M","","","","","",""
"-78.55","45.58","ALGONQUIN PARK","6080189","1917-06","1917","06","","M","","M","","M","","M","","M","","M","","M","","M","","","","","",""
"-78.55","45.58","ALGONQUIN PARK","6080189","1917-07","1917","07","24.7","","12.3","","18.5","","33.3","","4.4","S","83.1","","0.0","","83.1","","","","","","",""
"-78.55","45.58","ALGONQUIN PARK","6080189","1917-08","1917","08","22.9","","9.5","","16.2","","32.2","","1.1","","69.3","","0.0","","69.3","","","","","","",""
"-78.55","45.58","ALGONQUIN PARK","6080189","1917-09","1917","09","18.9","","3.8","","11.4","","25.6","","-2.8","S","32.3","","0.0","","32.3","","","","","","",""
"-78.55","45.58","ALGONQUIN PARK","6080189","1917-10","1917","10","6.6","","-1.2","","2.7","","14.4","","-7.2","","100.1","","12.7","","112.8","","","","","","",""
"-78.55","45.58","ALGONQUIN PARK","6080189","1917-11","1917","11","0.9","","-9.1","","-4.1","","9.4","","-23.9","","8.6","","33.0","","41.7","","","","","","",""
"-78.55","45.58","ALGONQUIN PARK","6080189","1917-12","1917","12","-10.8","","-22.3","","-16.6","","3.3","","-43.9","","10.2","","47.0","","57.2","","","","","","",""
"-78.55","45.58","ALGONQUIN PARK","6080189","1918-01","1918","01","-10.7","","-24.6","","-17.7","","-5.6","S","-37.2","","0.0","","71.1","","71.1","","","","","","",""
"-78.55","45.58","ALGONQUIN PARK","6080189","1918-02","1918","02","-6.8","","-19.5","","-13.2","","6.1","","-37.2","","22.1","","64.8","","86.9","","","","","","",""
"-78.55","45.58","ALGONQUIN PARK","6080189","1918-03","1918","03","1.6","","-11.2","","-4.8","","15.0","","-18.9","","0.0","","24.1","","24.1","","","","","","",""
"-78.55","45.58","ALGONQUIN PARK","6080189","1918-04","1918","04","11.2","","-5.6","","2.8","","20.0","","-18.9","","23.6","","10.2","","33.8","","","","","","",""
"-78.55","45.58","ALGONQUIN PARK","6080189","1918-05","1918","05","18.7","","2.6","","10.7","","27.8","","-7.8","","110.0","","0.0","","110.0","","","","","","",""
"-78.55","45.58","ALGONQUIN PARK","6080189","1918-06","1918","06","20.9","","6.1","","13.5","","28.9","","-1.7","","58.4","","0.0","","58.4","","","","","","",""
"-78.55","45.58","ALGONQUIN PARK","6080189","1918-07","1918","07","25.2","","10.9","","18.1","","32.2","","4.4","S","85.3","","0.0","","85.3","","","","","","",""
"-78.55","45.58","ALGONQUIN PARK","6080189","1918-08","1918","08","24.9","","8.7","","16.8","","32.8","","1.1","","115.1","","0.0","","115.1","","","","","","",""
"-78.55","45.58","ALGONQUIN PARK","6080189","1918-09","1918","09","16.2","","3.5","","9.9","","24.4","","-2.2","","166.9","","0.0","","166.9","","","","","","",""
"-78.55","45.58","ALGONQUIN PARK","6080189","1918-10","1918","10","11.4","","0.9","","6.2","","19.4","","-6.1","S","96.0","","0.0","T","96.0","","","","","","",""
"-78.55","45.58","ALGONQUIN PARK","6080189","1918-11","1918","11","4.7","","-3.1","","0.8","","12.2","S","-15.6","","50.0","","9.7","","59.7","","","","","","",""
"-78.55","45.58","ALGONQUIN PARK","6080189","1918-12","1918","12","-0.4","","-9.8","","-5.1","","8.9","","-22.8","","17.0","","65.5","","82.6","","","","","","",""
"-78.55","45.58","ALGONQUIN PARK","6080189","1919-01","1919","01","-4.7","","-13.1","","-8.9","","3.9","","-34.4","","2.5","","61.0","","63.5","","","","","","",""
"-78.55","45.58","ALGONQUIN PARK","6080189","1919-02","1919","02","-2.3","","-13.8","","-8.1","","4.4","","-27.8","","10.2","","33.0","","43.2","","","","","","",""
"-78.55","45.58","ALGONQUIN PARK","6080189","1919-03","1919","03","2.6","","-11.4","","-4.4","","13.9","","-26.1","","39.6","","21.6","","61.2","","","","","","",""
"-78.55","45.58","ALGONQUIN PARK","6080189","1919-04","1919","04","7.8","","-4.2","","1.8","","17.8","","-15.0","","61.0","","33.0","","94.0","","","","","","",""
"-78.55","45.58","ALGONQUIN PARK","6080189","1919-05","1919","05","16.7","","2.7","","9.7","","32.2","","-5.0","","122.4","","1.3","","123.7","","","","","","",""
"-78.55","45.58","ALGONQUIN PARK","6080189","1919-06","1919","06","27.2","","11.4","","19.3","","33.9","S","0.6","","45.5","","0.0","","45.5","","","","","","",""
"-78.55","45.58","ALGONQUIN PARK","6080189","1919-07","1919","07","26.3","","10.7","","18.5","","32.8","S","1.7","","50.3","","0.0","","50.3","","","","","","",""
"-78.55","45.58","ALGONQUIN PARK","6080189","1919-08","1919","08","21.3","","9.4","","15.4","","28.3","","1.1","","103.6","","0.0","","103.6","","","","","","",""
"-78.55","45.58","ALGONQUIN PARK","6080189","1919-09","1919","09","18.5","","7.0","","12.8","","28.3","","-1.1","S","89.4","","0.0","","89.4","","","","","","",""
"-78.55","45.58","ALGONQUIN PARK","6080189","1919-10","1919","10","11.1","","1.1","","6.1","","23.3","","-10.0","","130.6","","0.0","","130.6","","","","","","",""
"-78.55","45.58","ALGONQUIN PARK","6080189","1919-11","1919","11","1.4","","-5.1","","-1.9","","10.0","","-17.2","","75.7","","41.9","","117.6","","","","","","",""
"-78.55","45.58","ALGONQUIN PARK","6080189","1919-12","1919","12","-6.7","","-17.8","","-12.3","","4.4","","-35.6","","14.0","","66.0","","80.0","","","","","","",""
"-78.55","45.58","ALGONQUIN PARK","6080189","1920-01","1920","01","-12.8","","-23.5","","-18.2","","-1.1","","-40.0","","0.0","","66.0","","66.0","","","","","","",""
"-78.55","45.58","ALGONQUIN PARK","6080189","1920-02","1920","02","-6.6","","-20.6","","-13.6","","4.4","","-33.9","S","0.0","","38.9","","38.9","","","","","","",""
"-78.55","45.58","ALGONQUIN PARK","6080189","1920-03","1920","03","1.9","","-10.5","","-4.3","","19.4","","-28.9","","31.2","","38.1","","69.3","","","","","","",""
"-78.55","45.58","ALGONQUIN PARK","6080189","1920-04","1920","04","7.0","","-4.3","","1.4","","18.3","","-15.0","","57.2","","24.1","","81.3","","","","","","",""
"-78.55","45.58","ALGONQUIN PARK","6080189","1920-05","1920","05","16.3","","2.0","","9.2","","26.7","S","-5.6","S","36.3","","1.3","","37.6","","","","","","",""
"-78.55","45.58","ALGONQUIN PARK","6080189","1920-06","1920","06","22.7","","8.8","","15.8","","29.4","","0.0","","64.8","","0.0","","64.8","","","","","","",""
"-78.55","45.58","ALGONQUIN PARK","6080189","1920-07","1920","07","22.0","","9.3","","15.7","","28.9","","2.2","","78.5","","0.0","","78.5","","","","","","",""
"-78.55","45.58","ALGONQUIN PARK","6080189","1920-08","1920","08","23.9","","9.8","","16.9","","30.6","","0.6","","153.4","","0.0","","153.4","","","","","","",""
"-78.55","45.58","ALGONQUIN PARK","6080189","1920-09","1920","09","20.6","","5.9","","13.3","","29.4","","-2.2","","85.3","","0.0","","85.3","","","","","","",""
"-78.55","45.58","ALGONQUIN PARK","6080189","1920-10","1920","10","14.7","","2.8","","8.8","","23.9","","-3.9","","72.4","","17.8","","90.2","","","","","","",""
"-78.55","45.58","ALGONQUIN PARK","6080189","1920-11","1920","11","-0.3","","-5.9","","-3.1","","5.6","S","-17.8","","46.0","","17.8","","63.8","","","","","","",""
"-78.55","45.58","ALGONQUIN PARK","6080189","1920-12","1920","12","-3.6","","-11.6","","-7.6","","7.2","","-30.0","S","53.3","","63.0","","116.3","","","","","","",""
"-78.55","45.58","ALGONQUIN PARK","6080189","1921-01","1921","01","-4.8","","-14.9","","-9.9","","7.8","","-37.8","S","19.1","","38.1","","57.2","","","","","","",""
"-78.55","45.58","ALGONQUIN PARK","6080189","1921-02","1921","02","-2.7","","-16.2","","-9.5","","7.8","","-29.4","","0.0","","33.0","","33.0","","","","","","",""
"-78.55","45.58","ALGONQUIN PARK","6080189","1921-03","1921","03","3.7","","-6.4","","-1.4","","14.4","","-26.1","","150.4","","14.0","","164.3","","","","","","",""
"-78.55","45.58","ALGONQUIN PARK","6080189","1921-04","1921","04","13.1","","-1.0","","6.1","","27.2","","-12.2","","83.1","","16.0","","99.1","","","","","","",""
"-78.55","45.58","ALGONQUIN PARK","6080189","1921-05","1921","05","18.8","","4.8","","11.8","","29.4","","-5.6","","39.1","","0.0","","39.1","","","","","","",""
"-78.55","45.58","ALGONQUIN PARK","6080189","1921-06","1921","06","24.9","","8.1","","16.5","","30.6","","-1.1","","41.9","","0.0","","41.9","","","","","","",""
"-78.55","45.58","ALGONQUIN PARK","6080189","1921-07","1921","07","28.6","","14.0","","21.3","","35.6","","7.2","","55.9","","0.0","","55.9","","","","","","",""
"-78.55","45.58","ALGONQUIN PARK","6080189","1921-08","1921","08","22.0","","8.9","","15.5","","27.8","S","2.8","","60.5","","0.0","","60.5","","","","","","",""
"-78.55","45.58","ALGONQUIN PARK","6080189","1921-09","1921","09","21.2","","7.7","","14.5","","29.4","","-1.7","","79.8","","0.0","","79.8","","","","","","",""
"-78.55","45.58","ALGONQUIN PARK","6080189","1921-10","1921","10","9.9","","0.8","","5.4","","17.8","","-5.6","S","89.4","","2.0","","91.4","","","","","","",""
"-78.55","45.58","ALGONQUIN PARK","6080189","1921-11","1921","11","0.2","","-6.7","","-3.3","","15.6","","-18.9","S","47.2","","48.3","","95.5","","","","","","",""
"-78.55","45.58","ALGONQUIN PARK","6080189","1921-12","1921","12","-5.2","","-14.9","","-10.1","","6.7","","-31.7","S","63.8","","71.1","","134.9","","","","","","",""
"-78.55","45.58","ALGONQUIN PARK","6080189","1922-01","1922","01","-6.9","","-19.8","","-13.4","","3.9","","-37.2","S","0.0","","88.9","","88.9","","","","","","",""
"-78.55","45.58","ALGONQUIN PARK","6080189","1922-02","1922","02","-5.5","","-17.8","","-11.7","","5.6","","-40.0","","15.2","","72.4","","87.6","","","","","","",""
"-78.55","45.58","ALGONQUIN PARK","6080189","1922-03","1922","03","2.1","","-12.3","","-5.1","","9.4","","-27.2","","27.9","","19.1","","47.0","","","","","","",""
"-78.55","45.58","ALGONQUIN PARK","6080189","1922-04","1922","04","9.1","","-2.1","","3.5","","20.0","S","-11.7","","109.2","","11.4","","120.7","","","","","","",""
"-78.55","45.58","ALGONQUIN PARK","6080189","1922-05","1922","05","20.8","","4.2","","12.5","","28.9","","-5.6","","47.8","","0.0","","47.8","","","","","","",""
"-78.55","45.58","ALGONQUIN PARK","6080189","1922-06","1922","06","22.2","","7.5","","14.9","","30.6","","-0.6","","33.8","","0.0","","33.8","","","","","","",""
"-78.55","45.58","ALGONQUIN PARK","6080189","1922-07","1922","07","25.1","","10.0","","17.6","","28.9","","4.4","S","88.9","","0.0","","88.9","","","","","","",""
"-78.55","45.58","ALGONQUIN PARK","6080189","1922-08","1922","08","23.8","","9.2","","16.5","","29.4","S","2.8","","80.0","","0.0","","80.0","","","","","","",""
"-78.55","45.58","ALGONQUIN PARK","6080189","1922-09","1922","09","18.0","","4.7","","11.4","","28.9","","-3.3","","49.0","","0.0","","49.0","","","","","","",""
"-78.55","45.58","ALGONQUIN PARK","6080189","1922-10","1922","10","10.8","","-0.9","","5.0","","20.6","","-11.7","","37.6","","6.4","","43.9","","","","","","",""
"-78.55","45.58","ALGONQUIN PARK","6080189","1922-11","1922","11","4.1","","-5.3","","-0.6","","15.0","","-13.3","","33.0","","4.1","","37.1","","","","","","",""
"-78.55","45.58","ALGONQUIN PARK","6080189","1922-12","1922","12","-4.2","","-13.1","","-8.7","","8.9","","-30.0","","23.9","","24.1","","48.0","","","","","","",""
"-78.55","45.58","ALGONQUIN PARK","6080189","1923-01","1923","01","-9.3","","-19.8","","-14.6","","2.2","S","-32.8","S","0.0","","24.1","","24.1","","","","","","",""
"-78.55","45.58","ALGONQUIN PARK","6080189","1923-02","1923","02","-8.7","","-21.2","","-15.0","","-1.1","S","-38.3","","0.0","","45.7","","45.7","","","","","","",""
"-78.55","45.58","ALGONQUIN PARK","6080189","1923-03","1923","03","-2.9","","-16.4","","-9.7","","7.8","","-39.4","","9.4","","85.1","","94.5","","","","","","",""
"-78.55","45.58","ALGONQUIN PARK","6080189","1923-04","1923","04","6.6","","-6.1","","0.3","","23.9","","-29.4","","81.3","","14.7","","96.0","","","","","","",""
"-78.55","45.58","ALGONQUIN PARK","6080189","1923-05","1923","05","15.8","","-0.6","","7.6","","26.7","","-6.7","S","79.0","","8.9","","87.9","","","","","","",""
"-78.55","45.58","ALGONQUIN PARK","6080189","1923-06","1923","06","23.6","","10.1","","16.9","","30.0","S","1.7","","74.7","","0.0","","74.7","","","","","","",""
"-78.55","45.58","ALGONQUIN PARK","6080189","1923-07","1923","07","24.9","","10.1","","17.5","","30.0","S","4.4","","36.1","","0.0","","36.1","","","","","","",""
"-78.55","45.58","ALGONQUIN PARK","6080189","1923-08","1923","08","24.2","","6.9","","15.6","","27.8","","2.2","","99.3","","0.0","","99.3","","","","","","",""
"-78.55","45.58","ALGONQUIN PARK","6080189","1923-09","1923","09","20.4","","6.6","","13.5","","30.0","","-1.7","","101.6","","0.0","","101.6","","","","","","",""
"-78.55","45.58","ALGONQUIN PARK","6080189","1923-10","1923","10","14.3","","1.4","","7.9","","21.1","S","-7.8","S","47.0","","5.1","","52.1","","","","","","",""
"-78.55","45.58","ALGONQUIN PARK","6080189","1923-11","1923","11","3.2","","-4.4","","-0.6","","11.1","","-13.3","","57.9","","21.3","","79.2","","","","","","",""
"-78.55","45.58","ALGONQUIN PARK","6080189","1923-12","1923","12","0.6","","-6.7","","-3.1","","8.9","","-22.2","","52.8","","46.2","","99.1","","","","","","",""
"-78.55","45.58","ALGONQUIN PARK","6080189","1924-01","1924","01","-8.6","","-17.6","","-13.1","","2.2","","-40.0","","12.7","","78.5","","91.2","","","","","","",""
"-78.55","45.58","ALGONQUIN PARK","6080189","1924-02","1924","02","-7.3","","-20.8","","-14.1","","2.8","S","-34.4","","0.0","","71.1","","71.1","","","","","","",""
"-78.55","45.58","ALGONQUIN PARK","6080189","1924-03","1924","03","-1.7","","-10.2","","-6.0","","7.8","","-26.7","","0.0","","27.4","","27.4","","","","","","",""
"-78.55","45.58","ALGONQUIN PARK","6080189","1924-04","1924","04","5.8","","-3.6","","1.1","","19.4","","-12.8","","27.9","","24.9","","52.8","","","","","","",""
"-78.55","45.58","ALGONQUIN PARK","6080189","1924-05","1924","05","9.8","","1.2","","5.5","","16.1","","-6.7","","76.2","","8.4","","84.6","","","","","","",""
"-78.55","45.58","ALGONQUIN PARK","6080189","1924-06","1924","06","18.3","","5.9","","12.1","","24.4","","-1.1","","51.1","","0.0","","51.1","","","","","","",""
"-78.55","45.58","ALGONQUIN PARK","6080189","1924-07","1924","07","19.1","","9.7","","14.4","","24.4","","5.6","S","85.3","","0.0","","85.3","","","","","","",""
"-78.55","45.58","ALGONQUIN PARK","6080189","1924-08","1924","08","21.9","","9.8","","15.9","","30.0","","3.9","","30.5","","0.0","","30.5","","","","","","",""
"-78.55","45.58","ALGONQUIN PARK","6080189","1924-09","1924","09","17.4","","4.3","","10.9","","22.8","S","-2.2","","88.6","","0.0","","88.6","","","","","","",""
"-78.55","45.58","ALGONQUIN PARK","6080189","1924-10","1924","10","15.3","","0.6","","8.0","","21.1","","-3.9","S","21.1","","6.4","","27.4","","","","","","",""
"-78.55","45.58","ALGONQUIN PARK","6080189","1924-11","1924","11","3.4","","-5.1","","-0.9","","15.6","","-19.4","","36.3","","35.6","","71.9","","","","","","",""
"-78.55","45.58","ALGONQUIN PARK","6080189","1924-12","1924","12","-6.1","","-16.2","","-11.2","","7.2","","-33.3","","8.9","","39.4","","48.3","","","","","","",""
"-78.55","45.58","ALGONQUIN PARK","6080189","1925-01","1925","01","-8.6","","-20.7","","-14.7","","-1.1","S","-37.2","","0.0","","31.2","","31.2","","","","","","",""
"-78.55","45.58","ALGONQUIN PARK","6080189","1925-02","1925","02","-0.8","","-12.2","","-6.5","","14.4","","-32.8","","5.6","","16.5","","22.1","","","","","","",""
"-78.55","45.58","ALGONQUIN PARK","6080189","1925-03","1925","03","1.6","","-8.8","","-3.6","","16.1","","-20.0","","21.6","","63.5","","85.1","","","","","","",""
"-78.55","45.58","ALGONQUIN PARK","6080189","1925-04","1925","04","10.1","","-2.3","","3.9","","21.7","","-10.6","","16.3","","21.6","","37.8","","","","","","",""
"-78.55","45.58","ALGONQUIN PARK","6080189","1925-05","1925","05","13.8","","1.0","","7.4","","21.1","S","-4.4","","36.8","","0.8","","37.6","","","","","","",""
"-78.55","45.58","ALGONQUIN PARK","6080189","1925-06","1925","06","24.1","","9.1","","16.6","","33.3","","-3.9","","92.5","","0.0","","92.5","","","","","","",""
"-78.55","45.58","ALGONQUIN PARK","6080189","1925-07","1925","07","22.9","","10.2","","16.6","","30.0","","4.4","S","50.5","","0.0","","50.5","","","","","","",""
"-78.55","45.58","ALGONQUIN PARK","6080189","1925-08","1925","08","26.4","","10.9","","18.7","","32.2","S","4.4","","20.1","","0.0","","20.1","","","","","","",""
"-78.55","45.58","ALGONQUIN PARK","6080189","1925-09","1925","09","18.2","","6.6","","12.4","","24.4","S","-3.9","","72.4","","0.0","","72.4","","","","","","",""
"-78.55","45.58","ALGONQUIN PARK","6080189","1925-10","1925","10","7.2","","-2.7","","2.3","","18.3","","-11.7","","33.3","","33.0","","66.3","","","","","","",""
"-78.55","45.58","ALGONQUIN PARK","6080189","1925-11","1925","11","1.9","","-5.9","","-2.0","","7.8","S","-22.2","","54.9","","33.0","","87.9","","","","","","",""
"-78.55","45.58","ALGONQUIN PARK","6080189","1925-12","1925","12","-5.3","","-12.8","","-9.1","","6.7","","-33.3","S","3.8","","41.9","","45.7","","","","","","",""
"-78.55","45.58","ALGONQUIN PARK","6080189","1926-01","1926","01","-5.2","","-15.7","","-10.5","","2.2","","-35.6","","2.0","","39.4","","41.4","","","","","","",""
"-78.55","45.58","ALGONQUIN PARK","6080189","1926-02","1926","02","-6.1","","-19.2","","-12.7","","-0.6","S","-32.8","","0.0","","22.9","","22.9","","","","","","",""
"-78.55","45.58","ALGONQUIN PARK","6080189","1926-03","1926","03","-3.4","","-15.3","","-9.4","","6.1","S","-31.7","","0.0","","73.7","","73.7","","","","","","",""
"-78.55","45.58","ALGONQUIN PARK","6080189","1926-04","1926","04","3.2","","-9.4","","-3.1","","13.3","","-23.9","","9.1","","33.0","","42.2","","","","","","",""
"-78.55","45.58","ALGONQUIN PARK","6080189","1926-05","1926","05","15.1","","0.4","","7.8","","26.7","S","-7.8","","47.8","","0.0","","47.8","","","","","","",""
"-78.55","45.58","ALGONQUIN PARK","6080189","1926-06","1926","06","22.4","","4.9","","13.7","","28.9","","0.6","","125.2","","0.0","","125.2","","","","","","",""
"-78.55","45.58","ALGONQUIN PARK","6080189","1926-07","1926","07","26.1","","9.8","","18.0","","30.0","","4.4","","85.1","","0.0","","85.1","","","","","","",""
"-78.55","45.58","ALGONQUIN PARK","6080189","1926-08","1926","08","22.5","","9.4","","16.0","","28.9","","-0.6","","21.6","","0.0","","21.6","","","","","","",""
"-78.55","45.58","ALGONQUIN PARK","6080189","1926-09","1926","09","16.1","","3.6","","9.9","","25.6","","-1.7","S","55.9","","0.0","","55.9","","","","","","",""
"-78.55","45.58","ALGONQUIN PARK","6080189","1926-10","1926","10","10.1","","0.8","","5.5","","26.7","","-6.7","","92.5","","10.2","","102.6","","","","","","",""
"-78.55","45.58","ALGONQUIN PARK","6080189","1926-11","1926","11","2.5","","-5.8","","-1.7","","9.4","","-16.7","S","45.0","","40.6","","85.6","","","","","","",""
"-78.55","45.58","ALGONQUIN PARK","6080189","1926-12","1926","12","-5.7","","-14.3","","-10.0","","2.2","","-33.3","","0.0","","43.9","","43.9","","","","","","",""
"-78.55","45.58","ALGONQUIN PARK","6080189","1927-01","1927","01","-7.1","","-19.0","","-13.1","","2.8","","-35.0","","2.0","","33.0","","35.1","","","","","","",""
"-78.55","45.58","ALGONQUIN PARK","6080189","1927-02","1927","02","-4.7","","-15.8","","-10.3","","3.9","","-31.7","","0.0","","43.2","","43.2","","","","","","",""
"-78.55","45.58","ALGONQUIN PARK","6080189","1927-03","1927","03","3.3","","-9.0","","-2.9","","14.4","","-24.4","","16.5","","20.3","","36.8","","","","","","",""
"-78.55","45.58","ALGONQUIN PARK","6080189","1927-04","1927","04","8.3","","-4.4","","2.0","","24.4","","-12.8","S","26.9","","0.0","","26.9","","","","","","",""
"-78.55","45.58","ALGONQUIN PARK","6080189","1927-05","1927","05","15.0","","3.2","","9.1","","25.0","","-4.4","","85.1","","0.0","","85.1","","","","","","",""
"-78.55","45.58","ALGONQUIN PARK","6080189","1927-06","1927","06","19.3","","5.7","","12.5","","33.9","","0.0","","63.5","","0.0","","63.5","","","","","","",""
"-78.55","45.58","ALGONQUIN PARK","6080189","1927-07","1927","07","24.2","","11.4","","17.8","","33.3","","4.4","S","173.2","","0.0","","173.2","","","","","","",""
"-78.55","45.58","ALGONQUIN PARK","6080189","1927-08","1927","08","21.6","","7.8","","14.7","","27.8","","2.2","","30.5","","0.0","","30.5","","","","","","",""
"-78.55","45.58","ALGONQUIN PARK","6080189","1927-09","1927","09","20.2","","6.9","","13.6","","27.2","S","1.7","S","95.0","","0.0","","95.0","","","","","","",""
"-78.55","45.58","ALGONQUIN PARK","6080189","1927-10","1927","10","14.6","","1.8","","8.2","","22.8","","-5.6","","76.2","","0.0","","76.2","","","","","","",""
"-78.55","45.58","ALGONQUIN PARK","6080189","1927-11","1927","11","5.2","","-3.2","","1.0","","15.6","","-11.1","","128.0","","15.0","","143.0","","","","","","",""
"-78.55","45.58","ALGONQUIN PARK","6080189","1927-12","1927","12","-1.6","","-11.8","","-6.7","","6.7","","-26.7","S","13.2","","80.0","","93.2","","","","","","",""
"-78.55","45.58","ALGONQUIN PARK","6080189","1928-01","1928","01","-5.8","","-17.6","","-11.7","","1.7","S","-34.4","","1.0","","83.8","","84.8","","","","","","",""
"-78.55","45.58","ALGONQUIN PARK","6080189","1928-02","1928","02","-2.8","","-20.3","","-11.6","","7.8","","-38.9","","0.0","","38.1","","38.1","","","","","","",""
"-78.55","45.58","ALGONQUIN PARK","6080189","1928-03","1928","03","1.4","","-11.4","","-5.0","","15.6","","-23.3","S","2.5","","38.1","","40.6","","","","","","",""
"-78.55","45.58","ALGONQUIN PARK","6080189","1928-04","1928","04","7.6","","-8.4","","-0.4","","21.1","","-23.3","","42.2","","21.6","","63.8","","","","","","",""
"-78.55","45.58","ALGONQUIN PARK","6080189","1928-05","1928","05","15.6","","2.1","","8.9","","26.7","","-5.0","S","26.4","","0.0","","26.4","","","","","","",""
"-78.55","45.58","ALGONQUIN PARK","6080189","1928-06","1928","06","21.9","","9.1","","15.5","","29.4","","0.0","","75.9","","0.0","","75.9","","","","","","",""
"-78.55","45.58","ALGONQUIN PARK","6080189","1928-07","1928","07","23.8","","12.4","","18.1","","31.7","","7.2","S","74.9","","0.0","","74.9","","","","","","",""
"-78.55","45.58","ALGONQUIN PARK","6080189","1928-08","1928","08","24.3","","11.3","","17.8","","31.1","","4.4","","106.7","","0.0","","106.7","","","","","","",""
"-78.55","45.58","ALGONQUIN PARK","6080189","1928-09","1928","09","15.3","","3.6","","9.5","","23.3","","-1.7","S","122.4","","0.0","T","122.4","","","","","","",""
"-78.55","45.58","ALGONQUIN PARK","6080189","1928-10","1928","10","12.7","","1.7","","7.2","","22.8","","-11.7","","158.5","","0.8","","159.3","","","","","","",""
"-78.55","45.58","ALGONQUIN PARK","6080189","1928-11","1928","11","2.1","","-5.4","","-1.7","","15.6","","-16.7","","65.0","","14.0","","79.0","","","","","","",""
"-78.55","45.58","ALGONQUIN PARK","6080189","1928-12","1928","12","-0.4","","-11.0","","-5.7","","5.6","","-27.2","","7.1","","16.5","","23.6","","","","","","",""
"-78.55","45.58","ALGONQUIN PARK","6080189","1929-01","1929","01","-6.7","","-19.7","","-13.2","","2.2","","-30.6","","10.2","","48.3","","58.4","","","","","","",""
"-78.55","45.58","ALGONQUIN PARK","6080189","1929-02","1929","02","-6.6","","-20.3","","-13.5","","0.0","","-33.9","","20.3","","10.2","","30.5","","","","","","",""
"-78.55","45.58","ALGONQUIN PARK","6080189","1929-03","1929","03","1.9","","-7.2","","-2.7","","6.7","","-28.3","","48.3","","25.4","","73.7","","","","","","",""
"-78.55","45.58","ALGONQUIN PARK","6080189","1929-04","1929","04","9.6","","-3.4","","3.1","","15.6","","-24.4","","64.0","","17.8","","81.8","","","","","","",""
"-78.55","45.58","ALGONQUIN PARK","6080189","1929-05","1929","05","15.8","","1.4","","8.6","","29.4","","-7.8","","116.1","","0.0","","116.1","","","","","","",""
"-78.55","45.58","ALGONQUIN PARK","6080189","1929-06","1929","06","22.6","","9.9","","16.3","","31.7","","1.1","","60.7","","0.0","","60.7","","","","","","",""
"-78.55","45.58","ALGONQUIN PARK","6080189","1929-07","1929","07","24.3","","9.3","","16.8","","30.6","","3.3","","54.1","","0.0","","54.1","","","","","","",""
"-78.55","45.58","ALGONQUIN PARK","6080189","1929-08","1929","08","24.7","","8.1","","16.4","","29.4","","3.9","","19.6","","0.0","","19.6","","","","","","",""
"-78.55","45.58","ALGONQUIN PARK","6080189","1929-09","1929","09","22.6","","5.3","","14.0","","32.2","","-2.2","","25.4","","0.0","","25.4","","","","","","",""
"-78.55","45.58","ALGONQUIN PARK","6080189","1929-10","1929","10","13.4","","-2.0","","5.7","","21.1","","-7.8","","66.0","","2.0","","68.1","","","","","","",""
"-78.55","45.58","ALGONQUIN PARK","6080189","1929-11","1929","11","2.6","","-6.3","","-1.9","","12.2","","-28.9","","63.2","","25.4","","88.6","","","","","","",""
"-78.55","45.58","ALGONQUIN PARK","6080189","1929-12","1929","12","-4.9","","-13.9","","-9.4","","1.7","","-28.9","","0.0","","55.4","","55.4","","","","","","",""
"-78.55","45.58","ALGONQUIN PARK","6080189","1930-01","1930","01","-5.1","","-14.3","","-9.7","","5.6","","-33.9","","12.7","","25.4","","38.1","","","","","","",""
"-78.55","45.58","ALGONQUIN PARK","6080189","1930-02","1930","02","-4.6","","-16.5","","-10.6","","12.2","","-38.3","","74.7","","10.2","","84.8","","","","","","",""
"-78.55","45.58","ALGONQUIN PARK","6080189","1930-03","1930","03","-0.9","","-10.4","","-5.7","","8.3","","-22.8","","0.0","","31.8","","31.8","","","","","","",""
"-78.55","45.58","ALGONQUIN PARK","6080189","1930-04","1930","04","8.3","","-5.7","","1.3","","20.6","S","-14.4","","58.4","","5.1","","63.5","","","","","","",""
"-78.55","45.58","ALGONQUIN PARK","6080189","1930-05","1930","05","19.9","","3.7","","11.8","","28.9","","-3.9","","82.6","","0.0","","82.6","","","","","","",""
"-78.55","45.58","ALGONQUIN PARK","6080189","1930-06","1930","06","23.7","","11.1","","17.4","","30.0","S","4.4","","81.5","","0.0","","81.5","","","","","","",""
"-78.55","45.58","ALGONQUIN PARK","6080189","1930-07","1930","07","23.9","","10.4","","17.2","","30.6","","4.4","","37.1","","0.0","","37.1","","","","","","",""
"-78.55","45.58","ALGONQUIN PARK","6080189","1930-08","1930","08","22.5","","10.1","","16.3","","29.4","S","5.6","","47.8","","0.0","","47.8","","","","","","",""
"-78.55","45.58","ALGONQUIN PARK","6080189","1930-09","1930","09","19.2","","8.1","","13.7","","27.8","","1.7","","47.5","","0.0","","47.5","","","","","","",""
"-78.55","45.58","ALGONQUIN PARK","6080189","1930-10","1930","10","12.6","","1.2","","6.9","","28.9","","-6.1","","11.2","","34.3","","45.5","","","","","","",""
"-78.55","45.58","ALGONQUIN PARK","6080189","1930-11","1930","11","5.2","","-2.7","","1.3","","12.8","","-19.4","","2.3","","7.6","","9.9","","","","","","",""
"-78.55","45.58","ALGONQUIN PARK","6080189","1930-12","1930","12","-3.1","","-10.8","","-7.0","","4.4","","-30.6","S","0.0","","20.6","","20.6","","","","","","",""
"-78.55","45.58","ALGONQUIN PARK","6080189","1931-01","1931","01","-6.3","","-19.3","","-12.8","","0.6","","-35.0","S","0.0","","34.3","","34.3","","","M","","","",""
"-78.55","45.58","ALGONQUIN PARK","6080189","1931-02","1931","02","-2.9","","-14.1","","-8.5","","3.3","","-30.0","","0.0","","24.9","","24.9","","","M","","","",""
"-78.55","45.58","ALGONQUIN PARK","6080189","1931-03","1931","03","2.4","","-10.0","","-3.8","","8.9","","-22.8","","0.0","","35.6","","35.6","","","M","","","",""
"-78.55","45.58","ALGONQUIN PARK","6080189","1931-04","1931","04","8.1","","-4.4","","1.9","","15.6","","-12.8","","0.0","","7.6","","7.6","","0","","","","",""
"-78.55","45.58","ALGONQUIN PARK","6080189","1931-05","1931","05","18.2","","3.4","","10.8","","30.0","","-2.8","","60.5","","0.0","","60.5","","0","","","","",""
"-78.55","45.58","ALGONQUIN PARK","6080189","1931-06","1931","06","22.8","","7.3","","15.1","","33.9","","1.1","","28.4","","0.0","","28.4","","0","","","","",""
"-78.55","45.58","ALGONQUIN PARK","6080189","1931-07","1931","07","27.5","","13.0","","20.3","","38.3","","5.6","S","46.7","","0.0","","46.7","","0","","","","",""
"-78.55","45.58","ALGONQUIN PARK","6080189","1931-08","1931","08","25.1","","10.3","","17.7","","33.9","","4.4","","30.2","","0.0","","30.2","","0","","","","",""
"-78.55","45.58","ALGONQUIN PARK","6080189","1931-09","1931","09","22.3","","8.7","","15.5","","35.6","","-0.6","S","122.4","","0.0","","122.4","","0","","","","",""
"-78.55","45.58","ALGONQUIN PARK","6080189","1931-10","1931","10","15.8","","2.4","","9.1","","25.0","","-5.0","","57.4","","2.5","","59.9","","0","","","","",""
"-78.55","45.58","ALGONQUIN PARK","6080189","1931-11","1931","11","6.7","","-1.5","","2.6","","17.2","","-11.1","S","83.1","","5.1","","88.1","","","M","","","",""
"-78.55","45.58","ALGONQUIN PARK","6080189","1931-12","1931","12","-0.6","","-10.5","","-5.6","","4.4","","-28.9","","8.6","","58.4","","67.1","","","M","","","",""
"-78.55","45.58","ALGONQUIN PARK","6080189","1932-01","1932","01","0.6","","-8.6","","-4.0","","9.4","","-27.8","","49.0","","41.9","","90.9","","","M","","","",""
"-78.55","45.58","ALGONQUIN PARK","6080189","1932-02","1932","02","-3.4","","-16.2","","-9.8","","8.9","","-30.0","","17.8","","45.7","","63.5","","","M","","","",""
"-78.55","45.58","ALGONQUIN PARK","6080189","1932-03","1932","03","-1.1","","-14.4","","-7.8","","4.4","S","-28.9","","11.4","","58.4","","69.9","","","M","","","",""
"-78.55","45.58","ALGONQUIN PARK","6080189","1932-04","1932","04","6.8","","-6.1","","0.4","","21.7","","-22.8","","31.8","","25.4","","57.2","","","M","","","",""
"-78.55","45.58","ALGONQUIN PARK","6080189","1932-05","1932","05","17.3","","2.2","","9.8","","26.7","S","-7.2","","44.2","","0.0","","44.2","","0","","","","",""
"-78.55","45.58","ALGONQUIN PARK","6080189","1932-06","1932","06","22.6","","8.8","","15.7","","29.4","","0.6","","84.6","","0.0","","84.6","","0","","","","",""
"-78.55","45.58","ALGONQUIN PARK","6080189","1932-07","1932","07","23.6","","10.9","","17.3","","29.4","","5.6","","97.5","","0.0","","97.5","","0","","","","",""
"-78.55","45.58","ALGONQUIN PARK","6080189","1932-08","1932","08","24.4","","10.9","","17.7","","31.1","","4.4","","106.2","","0.0","","106.2","","0","","","","",""
"-78.55","45.58","ALGONQUIN PARK","6080189","1932-09","1932","09","19.9","","7.1","","13.5","","27.2","S","-2.2","","179.1","","0.0","","179.1","","0","","","","",""
"-78.55","45.58","ALGONQUIN PARK","6080189","1932-10","1932","10","13.9","","2.3","","8.1","","21.1","","-3.9","","78.7","","0.8","","79.5","","0","","","","",""
"-78.55","45.58","ALGONQUIN PARK","6080189","1932-11","1932","11","1.4","","-6.9","","-2.8","","11.1","","-26.7","","7.6","","8.9","","16.5","","","M","","","",""
"-78.55","45.58","ALGONQUIN PARK","6080189","1932-12","1932","12","-2.0","","-11.0","","-6.5","","7.8","","-37.2","","37.8","","49.0","","86.9","","","M","","","",""
"-78.55","45.58","ALGONQUIN PARK","6080189","1933-01","1933","01","-0.2","","-10.2","","-5.2","","4.4","S","-30.0","","14.0","","7.6","","21.6","","8","","","","",""
"-78.55","45.58","ALGONQUIN PARK","6080189","1933-02","1933","02","-5.3","","-14.6","","-10.0","","2.2","S","-37.2","","3.3","","68.6","","71.9","","61","","","","",""
"-78.55","45.58","ALGONQUIN PARK","6080189","1933-03","1933","03","-0.6","","-10.8","","-5.7","","5.6","","-25.0","","0.0","","38.1","","38.1","","58","","","","",""
"-78.55","45.58","ALGONQUIN PARK","6080189","1933-04","1933","04","9.6","","-2.1","","3.8","","21.1","","-10.0","","25.4","","0.0","","25.4","","0","","","","",""
"-78.55","45.58","ALGONQUIN PARK","6080189","1933-05","1933","05","18.0","","3.6","","10.8","","26.7","","-5.0","","45.2","","0.0","","45.2","","0","","","","",""
"-78.55","45.58","ALGONQUIN PARK","6080189","1933-06","1933","06","24.3","","8.3","","16.3","","33.9","","1.1","S","31.2","","0.0","","31.2","","0","","","","",""
"-78.55","45.58","ALGONQUIN PARK","6080189","1933-07","1933","07","25.4","","11.9","","18.7","","32.2","","6.7","","83.1","","0.0","","83.1","","0","","","","",""
"-78.55","45.58","ALGONQUIN PARK","6080189","1933-08","1933","08","24.8","","9.8","","17.3","","28.9","","5.0","","54.9","","0.0","","54.9","","0","","","","",""
"-78.55","45.58","ALGONQUIN PARK","6080189","1933-09","1933","09","20.3","","7.8","","14.1","","30.0","","-1.1","","36.8","","0.0","","36.8","","0","","","","",""
"-78.55","45.58","ALGONQUIN PARK","6080189","1933-10","1933","10","10.0","","-0.1","","5.0","","18.3","","-11.7","","42.9","","10.2","","53.1","","","M","","","",""
"-78.55","45.58","ALGONQUIN PARK","6080189","1933-11","1933","11","-1.7","","-12.6","","-7.2","","18.3","","-26.1","","29.2","","59.9","","89.2","","","M","","","",""
"-78.55","45.58","ALGONQUIN PARK","6080189","1933-12","1933","12","-5.9","","-16.7","","-11.3","","3.3","","-45.0","","5.8","","34.3","","40.1","","43","","","","",""
"-78.55","45.58","ALGONQUIN PARK","6080189","1934-01","1934","01","-4.8","","-15.6","","-10.2","","2.2","S","-34.4","S","12.4","","45.7","","58.2","","61","","","","",""
"-78.55","45.58","ALGONQUIN PARK","6080189","1934-02","1934","02","-10.5","","-28.3","","-19.4","","0.0","","-45.0","","0.0","","38.1","","38.1","","","M","","","",""
"-78.55","45.58","ALGONQUIN PARK","6080189","1934-03","1934","03","-1.7","","-10.7","","-6.2","","7.2","","-22.8","S","9.4","","41.9","","51.3","","81","","","","",""
"-78.55","45.58","ALGONQUIN PARK","6080189","1934-04","1934","04","6.2","","-5.4","","0.4","","22.8","","-13.3","","5.8","","25.4","","31.2","","0","","","","",""
"-78.55","45.58","ALGONQUIN PARK","6080189","1934-05","1934","05","19.1","","1.2","","10.2","","28.3","","-7.2","","9.7","","0.0","","9.7","","0","","","","",""
"-78.55","45.58","ALGONQUIN PARK","6080189","1934-06","1934","06","24.2","","9.9","","17.1","","33.3","S","2.2","","19.1","","0.0","","19.1","","0","","","","",""
"-78.55","45.58","ALGONQUIN PARK","6080189","1934-07","1934","07","26.0","","11.7","","18.9","","32.2","","6.7","","35.3","","0.0","","35.3","","0","","","","",""
"-78.55","45.58","ALGONQUIN PARK","6080189","1934-08","1934","08","22.7","","7.0","","14.9","","33.9","","-0.6","","16.5","","0.0","","16.5","","0","","","","",""
"-78.55","45.58","ALGONQUIN PARK","6080189","1934-09","1934","09","20.6","","8.9","","14.8","","27.8","","1.7","","114.0","","0.0","","114.0","","0","","","","",""
"-78.55","45.58","ALGONQUIN PARK","6080189","1934-10","1934","10","10.3","","0.4","","5.4","","18.3","","-7.2","","61.7","","22.9","","84.6","","","M","","","",""
"-78.55","45.58","ALGONQUIN PARK","6080189","1934-11","1934","11","4.4","","-1.4","","1.5","","14.4","","-9.4","","98.6","","18.5","","117.1","","0","","","","",""
"-78.55","45.58","ALGONQUIN PARK","6080189","1934-12","1934","12","-6.4","","-17.0","","-11.7","","5.6","","-31.1","","0.0","","53.3","","53.3","","51","","","","",""
"-78.55","45.58","ALGONQUIN PARK","6080189","1935-01","1935","01","-9.5","","-21.2","","-15.4","","4.4","","-40.6","","10.4","","52.1","","62.5","","43","","","","",""
"-78.55","45.58","ALGONQUIN PARK","6080189","1935-02","1935","02","-5.4","","-15.9","","-10.7","","1.7","S","-37.2","","10.9","","31.8","","42.7","","58","","","","",""
"-78.55","45.58","ALGONQUIN PARK","6080189","1935-03","1935","03","2.2","","-10.1","","-4.0","","11.1","","-26.7","","5.1","","17.8","","22.9","","18","","","","",""
"-78.55","45.58","ALGONQUIN PARK","6080189","1935-04","1935","04","9.3","","-4.7","","2.3","","21.1","","-12.2","","20.6","","0.0","","20.6","","0","","","","",""
"-78.55","45.58","ALGONQUIN PARK","6080189","1935-05","1935","05","13.5","","0.4","","7.0","","26.7","","-7.2","","13.5","","0.0","","13.5","","0","","","","",""
"-78.55","45.58","ALGONQUIN PARK","6080189","1935-06","1935","06","21.7","","8.2","","15.0","","27.2","","1.1","","80.3","","0.0","","80.3","","0","","","","",""
"-78.55","45.58","ALGONQUIN PARK","6080189","1935-07","1935","07","27.6","","13.2","","20.4","","31.7","","4.4","","67.6","","0.0","","67.6","","0","","","","",""
"-78.55","45.58","ALGONQUIN PARK","6080189","1935-08","1935","08","24.3","","10.6","","17.5","","32.2","","3.3","","42.7","","","M","42.7","","0","","","","",""
"-78.55","45.58","ALGONQUIN PARK","6080189","1935-09","1935","09","18.8","","5.3","","12.1","","27.8","","-2.8","","24.9","","0.0","","24.9","","0","","","","",""
"-78.55","45.58","ALGONQUIN PARK","6080189","1935-10","1935","10","13.2","","0.4","","6.8","","18.3","S","-5.6","S","21.6","","0.8","","22.4","","0","","","","",""
"-78.55","45.58","ALGONQUIN PARK","6080189","1935-11","1935","11","4.5","","-3.3","","0.6","","19.4","","-15.0","","19.3","","12.7","","32.0","","","M","","","",""
"-78.55","45.58","ALGONQUIN PARK","6080189","1935-12","1935","12","-6.2","","-18.8","","-12.5","","1.7","S","-34.4","","0.0","","22.9","","22.9","","23","","","","",""
"-78.55","45.58","ALGONQUIN PARK","6080189","1936-01","1936","01","-5.8","","-18.5","","-12.2","","1.7","","-34.4","","0.0","","64.8","","64.8","","81","","","","",""
"-78.55","45.58","ALGONQUIN PARK","6080189","1936-02","1936","02","-7.7","","-22.6","","-15.2","","4.4","","-35.6","","1.8","","50.8","","52.6","","74","","","","",""
"-78.55","45.58","ALGONQUIN PARK","6080189","1936-03","1936","03","1.8","","-8.0","","-3.1","","10.0","","-32.2","","10.4","","53.3","","63.8","","38","","","","",""
"-78.55","45.58","ALGONQUIN PARK","6080189","1936-04","1936","04","5.7","","-4.8","","0.5","","14.4","","-17.2","","30.5","","8.9","","39.4","","0","","","","",""
"-78.55","45.58","ALGONQUIN PARK","6080189","1936-05","1936","05","19.1","","3.8","","11.5","","28.3","S","-8.9","","5.6","","0.0","","5.6","","0","","","","",""
"-78.55","45.58","ALGONQUIN PARK","6080189","1936-06","1936","06","22.3","","8.2","","15.3","","28.9","","-6.7","","75.4","","0.0","","75.4","","0","","","","",""
"-78.55","45.58","ALGONQUIN PARK","6080189","1936-07","1936","07","25.1","","11.3","","18.2","","36.1","","3.3","","26.9","","0.0","","26.9","","0","","","","",""
"-78.55","45.58","ALGONQUIN PARK","6080189","1936-08","1936","08","22.9","","9.3","","16.1","","30.0","","3.3","","110.2","","0.0","","110.2","","0","","","","",""
"-78.55","45.58","ALGONQUIN PARK","6080189","1936-09","1936","09","19.3","","7.2","","13.3","","30.0","","-4.4","","97.3","","0.0","","97.3","","0","","","","",""
"-78.55","45.58","ALGONQUIN PARK","6080189","1936-10","1936","10","10.2","","-0.3","","5.0","","21.1","","-12.8","","114.8","","2.8","","117.6","","0","","","","",""
"-78.55","45.58","ALGONQUIN PARK","6080189","1936-11","1936","11","-1.9","","-9.7","","-5.8","","13.3","","-27.2","","23.1","","28.2","","51.3","","","M","","","",""
"-78.55","45.58","ALGONQUIN PARK","6080189","1936-12","1936","12","-1.3","","-12.5","","-6.9","","8.3","S","-27.8","","0.0","","44.7","","44.7","","","M","","","",""
"-78.55","45.58","ALGONQUIN PARK","6080189","1937-01","1937","01","-2.4","","-14.5","","-8.5","","6.7","","-34.4","","0.0","","63.2","","63.2","","","M","","","",""
"-78.55","45.58","ALGONQUIN PARK","6080189","1937-02","1937","02","-2.4","","-15.8","","-9.1","","6.7","","-28.3","","0.0","","40.1","","40.1","","","M","","","",""
"-78.55","45.58","ALGONQUIN PARK","6080189","1937-03","1937","03","-2.1","","-15.6","","-8.9","","3.9","","-30.6","","0.0","","54.1","","54.1","","","M","","","",""
"-78.55","45.58","ALGONQUIN PARK","6080189","1937-04","1937","04","7.1","","-3.0","","2.1","","17.8","","-16.7","","39.4","","26.7","","66.0","","","M","","","",""
"-78.55","45.58","ALGONQUIN PARK","6080189","1937-05","1937","05","19.2","","3.2","","11.2","","31.7","","-2.2","S","62.2","","0.0","","62.2","","0","","","","",""
"-78.55","45.58","ALGONQUIN PARK","6080189","1937-06","1937","06","23.2","","9.5","","16.4","","31.7","S","3.9","S","73.7","","0.0","","73.7","","0","","","","",""
"-78.55","45.58","ALGONQUIN PARK","6080189","1937-07","1937","07","26.1","","12.5","","19.3","","31.1","S","6.1","","49.0","","0.0","","49.0","","0","","","","",""
"-78.55","45.58","ALGONQUIN PARK","6080189","1937-08","1937","08","26.7","","12.6","","19.7","","31.7","","6.1","","54.1","","0.0","","54.1","","0","","","","",""
"-78.55","45.58","ALGONQUIN PARK","6080189","1937-09","1937","09","18.9","","6.9","","12.9","","30.6","","-1.1","","86.4","","0.0","","86.4","","0","","","","",""
"-78.55","45.58","ALGONQUIN PARK","6080189","1937-10","1937","10","9.4","","1.4","","5.4","","20.6","","-6.7","","64.8","","15.2","","80.0","","","M","","","",""
"-78.55","45.58","ALGONQUIN PARK","6080189","1937-11","1937","11","2.9","","-3.6","","-0.4","","9.4","S","-11.7","","87.6","","22.9","","110.5","","","M","","","",""
"-78.55","45.58","ALGONQUIN PARK","6080189","1937-12","1937","12","-5.0","","-15.7","","-10.4","","1.7","","-27.2","","0.0","","101.1","","101.1","","","M","","","",""
"-78.55","45.58","ALGONQUIN PARK","6080189","1938-01","1938","01","-7.2","","-20.1","","-13.7","","5.0","","-34.4","","0.0","T","49.5","","49.5","","","M","","","",""
"-78.55","45.58","ALGONQUIN PARK","6080189","1938-02","1938","02","-4.7","","-17.0","","-10.9","","2.2","","-28.9","","0.0","T","33.5","","33.5","","","M","","","",""
"-78.55","45.58","ALGONQUIN PARK","6080189","1938-03","1938","03","2.2","","-11.2","","-4.5","","15.6","","-39.4","","0.0","","51.6","","51.6","","","M","","","",""
"-78.55","45.58","ALGONQUIN PARK","6080189","1938-04","1938","04","9.7","","-2.9","","3.4","","25.6","S","-19.4","","","M","","M","","M","0","","","","",""
"-78.55","45.58","ALGONQUIN PARK","6080189","1938-05","1938","05","18.2","","3.3","","10.8","","27.8","","-2.2","","105.9","","1.3","","107.2","","0","","","","",""
"-78.55","45.58","ALGONQUIN PARK","6080189","1938-06","1938","06","23.8","","9.2","","16.5","","31.1","","3.3","","68.3","","0.0","","68.3","","0","","","","",""
"-78.55","45.58","ALGONQUIN PARK","6080189","1938-07","1938","07","25.9","","12.7","","19.3","","31.7","","6.1","","36.3","","0.0","","36.3","","0","","","","",""
"-78.55","45.58","ALGONQUIN PARK","6080189","1938-08","1938","08","25.4","","13.3","","19.4","","33.3","","3.9","","124.0","","0.0","","124.0","","0","","","","",""
"-78.55","45.58","ALGONQUIN PARK","6080189","1938-09","1938","09","17.1","","4.9","","11.0","","23.9","S","-1.1","","110.7","","0.0","","110.7","","0","","","","",""
"-78.55","45.58","ALGONQUIN PARK","6080189","1938-10","1938","10","13.9","","2.1","","8.0","","27.2","","-5.6","","37.8","","0.0","","37.8","","0","","","","",""
"-78.55","45.58","ALGONQUIN PARK","6080189","1938-11","1938","11","5.3","","-3.7","","0.8","","16.7","S","-17.8","","18.8","","11.4","","30.2","","","M","","","",""
"-78.55","45.58","ALGONQUIN PARK","6080189","1938-12","1938","12","-2.8","","-12.2","","-7.5","","3.3","S","-30.0","","0.0","","85.1","","85.1","","","M","","","",""
"-78.55","45.58","ALGONQUIN PARK","6080189","1939-01","1939","01","-5.5","","-19.0","","-12.3","","5.6","","-38.9","","0.0","","67.1","","67.1","","","M","","","",""
"-78.55","45.58","ALGONQUIN PARK","6080189","1939-02","1939","02","-5.7","","-19.3","","-12.5","","3.9","","-31.7","","0.0","T","64.5","","64.5","","","M","","","",""
"-78.55","45.58","ALGONQUIN PARK","6080189","1939-03","1939","03","-1.3","","-15.6","","-8.5","","11.7","","-33.9","","0.0","","63.5","","63.5","","","M","","","",""
"-78.55","45.58","ALGONQUIN PARK","6080189","1939-04","1939","04","4.7","","-6.2","","-0.8","","16.7","","-22.2","","27.9","","14.2","","42.2","","0","","","","",""
"-78.55","45.58","ALGONQUIN PARK","6080189","1939-05","1939","05","19.1","","3.5","","11.3","","28.9","","-6.1","S","53.8","","0.0","","53.8","","0","","","","",""
"-78.55","45.58","ALGONQUIN PARK","6080189","1939-06","1939","06","22.1","","10.1","","16.1","","28.9","","2.2","","52.8","","0.0","","52.8","","0","","","","",""
"-78.55","45.58","ALGONQUIN PARK","6080189","1939-07","1939","07","24.8","","11.9","","18.4","","32.2","","6.1","","89.7","","0.0","","89.7","","0","","","","",""
"-78.55","45.58","ALGONQUIN PARK","6080189","1939-08","1939","08","25.4","","13.4","","19.4","","28.9","S","5.0","","107.4","","0.0","","107.4","","0","","","","",""
"-78.55","45.58","ALGONQUIN PARK","6080189","1939-09","1939","09","19.3","","5.1","","12.2","","31.7","","-1.7","","53.1","","0.0","","53.1","","0","","","","",""
"-78.55","45.58","ALGONQUIN PARK","6080189","1939-10","1939","10","10.7","","0.2","","5.5","","22.8","","-10.0","","59.7","","10.2","","69.9","","","M","","","",""
"-78.55","45.58","ALGONQUIN PARK","6080189","1939-11","1939","11","1.7","","-7.9","","-3.1","","7.8","","-16.7","","13.5","","12.7","","26.2","","","M","","","",""
"-78.55","45.58","ALGONQUIN PARK","6080189","1939-12","1939","12","-3.0","","-12.9","","-8.0","","4.4","","-26.1","","1.8","","30.0","","31.8","","","M","","","",""
"-78.55","45.58","ALGONQUIN PARK","6080189","1940-01","1940","01","-9.3","","-23.5","","-16.4","","0.6","S","-37.8","","0.0","","48.0","","48.0","","","M","","","",""
"-78.55","45.58","ALGONQUIN PARK","6080189","1940-02","1940","02","-5.4","","-20.1","","-12.8","","1.1","S","-34.4","","0.0","","44.5","","44.5","","","M","","","",""
"-78.55","45.58","ALGONQUIN PARK","6080189","1940-03","1940","03","-2.4","","-15.8","","-9.1","","11.1","","-31.1","","0.0","","81.3","","81.3","","","M","","","",""
"-78.55","45.58","ALGONQUIN PARK","6080189","1940-04","1940","04","6.3","","-5.9","","0.2","","22.2","","-12.2","","19.6","","7.1","","26.7","","0","","","","",""
"-78.55","45.58","ALGONQUIN PARK","6080189","1940-05","1940","05","16.5","","3.9","","10.2","","27.2","","-5.0","S","116.1","","0.0","","116.1","","0","","","","",""
"-78.55","45.58","ALGONQUIN PARK","6080189","1940-06","1940","06","20.9","","9.6","","15.3","","28.9","","2.2","","51.3","","0.0","","51.3","","0","","","","",""
"-78.55","45.58","ALGONQUIN PARK","6080189","1940-07","1940","07","24.5","","11.8","","18.2","","31.7","S","4.4","S","58.2","","0.0","","58.2","","0","","","","",""
"-78.55","45.58","ALGONQUIN PARK","6080189","1940-08","1940","08","23.1","","11.3","","17.2","","29.4","S","1.1","","109.2","","0.0","","109.2","","0","","","","",""
"-78.55","45.58","ALGONQUIN PARK","6080189","1940-09","1940","09","17.9","","7.7","","12.8","","25.6","","-1.1","S","88.9","","0.0","T","88.9","","0","","","","",""
"-78.55","45.58","ALGONQUIN PARK","6080189","1940-10","1940","10","10.1","","0.1","","5.1","","20.6","","-9.4","","49.3","","0.5","","49.8","","0","","","","",""
"-78.55","45.58","ALGONQUIN PARK","6080189","1940-11","1940","11","0.8","","-5.9","","-2.6","","12.8","","-23.3","","55.4","","31.8","","87.1","","","M","","","",""
"-78.55","45.58","ALGONQUIN PARK","6080189","1940-12","1940","12","-2.1","","-14.0","","-8.1","","6.1","S","-33.3","","0.0","T","30.0","","30.0","","","M","","","",""
"-78.55","45.58","ALGONQUIN PARK","6080189","1941-01","1941","01","-7.3","","-20.4","","-13.9","","0.0","","-36.7","","0.0","","68.3","","68.3","","","M","","","",""
"-78.55","45.58","ALGONQUIN PARK","6080189","1941-02","1941","02","-3.6","","-17.8","","-10.7","","14.4","","-33.3","","0.0","","57.2","","57.2","","","M","","","",""
"-78.55","45.58","ALGONQUIN PARK","6080189","1941-03","1941","03","0.8","","-17.9","","-8.6","","14.4","","-33.3","","0.0","","27.9","","27.9","","","M","","","",""
"-78.55","45.58","ALGONQUIN PARK","6080189","1941-04","1941","04","12.8","","-2.6","","5.1","","24.4","","-15.0","","51.8","","0.0","T","51.8","","0","","","","",""
"-78.55","45.58","ALGONQUIN PARK","6080189","1941-05","1941","05","18.8","","4.2","","11.5","","29.4","","-3.9","S","29.7","","0.0","","29.7","","0","","","","",""
"-78.55","45.58","ALGONQUIN PARK","6080189","1941-06","1941","06","25.0","","10.9","","18.0","","32.2","","1.7","","68.6","","0.0","","68.6","","0","","","","",""
"-78.55","45.58","ALGONQUIN PARK","6080189","1941-07","1941","07","26.4","","12.7","","19.6","","33.9","","-0.6","","27.4","","0.0","","27.4","","0","","","","",""
"-78.55","45.58","ALGONQUIN PARK","6080189","1941-08","1941","08","22.1","","9.2","","15.7","","29.4","","3.9","S","33.0","","0.0","","33.0","","0","","","","",""
"-78.55","45.58","ALGONQUIN PARK","6080189","1941-09","1941","09","20.1","","6.9","","13.5","","28.9","","-3.3","","32.0","","0.0","","32.0","","0","","","","",""
"-78.55","45.58","ALGONQUIN PARK","6080189","1941-10","1941","10","10.8","","1.2","","6.0","","20.6","","-7.8","","142.2","","0.0","T","142.2","","0","","","","",""
"-78.55","45.58","ALGONQUIN PARK","6080189","1941-11","1941","11","4.1","","-3.3","","0.4","","15.6","","-12.2","S","37.8","","30.0","","67.8","","","M","","","",""
"-78.55","45.58","ALGONQUIN PARK","6080189","1941-12","1941","12","-2.3","","-12.9","","-7.6","","10.6","","-30.6","","0.0","","38.1","","38.1","","","M","","","",""
"-78.55","45.58","ALGONQUIN PARK","6080189","1942-01","1942","01","-6.6","","-18.7","","-12.7","","1.7","","-39.4","","0.0","","72.4","","72.4","","","M","","","",""
"-78.55","45.58","ALGONQUIN PARK","6080189","1942-02","1942","02","-6.3","","-17.3","","-11.8","","1.1","S","-34.4","","0.0","","49.8","","49.8","","","M","","","",""
"-78.55","45.58","ALGONQUIN PARK","6080189","1942-03","1942","03","1.9","","-7.9","","-3.0","","8.3","","-20.6","","0.0","T","50.5","","50.5","","","M","","","",""
"-78.55","45.58","ALGONQUIN PARK","6080189","1942-04","1942","04","11.8","","-1.4","","5.2","","26.7","","-9.4","","12.7","","5.3","","18.0","","0","","","","",""
"-78.55","45.58","ALGONQUIN PARK","6080189","1942-05","1942","05","17.8","","5.4","","11.6","","27.8","","-5.0","","145.8","","0.0","","145.8","","0","","","","",""
"-78.55","45.58","ALGONQUIN PARK","6080189","1942-06","1942","06","22.8","","10.4","","16.6","","29.4","","2.2","","41.4","","0.0","","41.4","","0","","","","",""
"-78.55","45.58","ALGONQUIN PARK","6080189","1942-07","1942","07","24.4","","12.0","","18.2","","33.9","","4.4","","47.8","","0.0","","47.8","","0","","","","",""
"-78.55","45.58","ALGONQUIN PARK","6080189","1942-08","1942","08","23.4","","10.8","","17.1","","30.6","","2.2","","56.6","","0.0","","56.6","","0","","","","",""
"-78.55","45.58","ALGONQUIN PARK","6080189","1942-09","1942","09","20.0","","5.7","","12.9","","28.9","S","-2.2","","154.4","","0.0","","154.4","","0","","","","",""
"-78.55","45.58","ALGONQUIN PARK","6080189","1942-10","1942","10","13.8","","1.1","","7.5","","21.7","","-3.3","","57.7","","7.6","","65.3","","0","","","","",""
"-78.55","45.58","ALGONQUIN PARK","6080189","1942-11","1942","11","2.9","","-5.1","","-1.1","","12.8","","-15.6","","40.9","","24.1","","65.0","","","M","","","",""
"-78.55","45.58","ALGONQUIN PARK","6080189","1942-12","1942","12","-5.4","","-17.5","","-11.5","","8.9","","-41.7","","0.0","T","67.1","","67.1","","","M","","","",""
"-78.55","45.58","ALGONQUIN PARK","6080189","1943-01","1943","01","-7.3","","-21.7","","-14.5","","0.0","","-37.8","","0.0","T","72.4","","72.4","","","M","","","",""
"-78.55","45.58","ALGONQUIN PARK","6080189","1943-02","1943","02","-3.7","","-16.9","","-10.3","","8.3","","-41.7","","0.0","T","35.6","","35.6","","","M","","","",""
"-78.55","45.58","ALGONQUIN PARK","6080189","1943-03","1943","03","-2.1","","-15.9","","-9.0","","8.3","S","-37.8","","0.0","T","80.8","","80.8","","","M","","","",""
"-78.55","45.58","ALGONQUIN PARK","6080189","1943-04","1943","04","4.7","","-8.8","","-2.1","","14.4","","-22.8","","19.3","","47.0","","66.3","","","M","","","",""
"-78.55","45.58","ALGONQUIN PARK","6080189","1943-05","1943","05","17.0","","2.7","","9.9","","27.8","","-7.8","","97.3","","0.8","","98.0","","0","","","","",""
"-78.55","45.58","ALGONQUIN PARK","6080189","1943-06","1943","06","23.6","","12.6","","18.1","","30.0","S","2.2","","75.7","","0.0","","75.7","","0","","","","",""
"-78.55","45.58","ALGONQUIN PARK","6080189","1943-07","1943","07","25.8","","11.4","","18.6","","31.7","","5.0","S","52.8","","0.0","","52.8","","0","","","","",""
"-78.55","45.58","ALGONQUIN PARK","6080189","1943-08","1943","08","23.1","","10.8","","17.0","","28.3","S","3.9","","79.2","","0.0","","79.2","","0","","","","",""
"-78.55","45.58","ALGONQUIN PARK","6080189","1943-09","1943","09","16.7","","5.6","","11.2","","29.4","","-2.2","","89.7","","0.0","","89.7","","0","","","","",""
"-78.55","45.58","ALGONQUIN PARK","6080189","1943-10","1943","10","11.0","","0.7","","5.9","","22.8","","-3.9","","57.4","","5.1","","62.5","","","M","","","",""
"-78.55","45.58","ALGONQUIN PARK","6080189","1943-11","1943","11","1.7","","-4.7","","-1.5","","10.6","","-17.8","","42.9","","18.5","","61.5","","","M","","","",""
"-78.55","45.58","ALGONQUIN PARK","6080189","1943-12","1943","12","-5.7","","-17.3","","-11.5","","3.3","","-39.4","","0.0","","77.0","","77.0","","","M","","","",""
"-78.55","45.58","ALGONQUIN PARK","6080189","1944-01","1944","01","-2.5","","-14.0","","-8.3","","5.0","","-31.7","","0.0","T","21.3","","21.3","","","M","","","",""
"-78.55","45.58","ALGONQUIN PARK","6080189","1944-02","1944","02","-3.9","","-17.8","","-10.9","","9.4","","-34.4","S","0.0","T","43.9","","43.9","","","M","","","",""
"-78.55","45.58","ALGONQUIN PARK","6080189","1944-03","1944","03","-1.3","","-15.4","","-8.4","","8.3","","-30.0","S","5.6","","65.5","","71.1","","","M","","","",""
"-78.55","45.58","ALGONQUIN PARK","6080189","1944-04","1944","04","6.2","","-7.3","","-0.6","","20.0","","-21.7","","23.9","","14.0","","37.8","","","M","","","",""
"-78.55","45.58","ALGONQUIN PARK","6080189","1944-05","1944","05","21.2","","6.4","","13.8","","30.6","","-4.4","","48.0","","0.0","","48.0","","0","","","","",""
"-78.55","45.58","ALGONQUIN PARK","6080189","1944-06","1944","06","24.2","","9.7","","17.0","","35.0","","1.7","","70.1","","0.0","","70.1","","0","","","","",""
"-78.55","45.58","ALGONQUIN PARK","6080189","1944-07","1944","07","25.9","","12.0","","19.0","","31.7","","6.1","","101.6","","0.0","","101.6","","0","","","","",""
"-78.55","45.58","ALGONQUIN PARK","6080189","1944-08","1944","08","25.7","","11.9","","18.8","","34.4","","3.9","","25.1","","0.0","","25.1","","0","","","","",""
"-78.55","45.58","ALGONQUIN PARK","6080189","1944-09","1944","09","18.6","","7.8","","13.2","","27.2","","-1.7","","129.0","","0.0","","129.0","","0","","","","",""
"-78.55","45.58","ALGONQUIN PARK","6080189","1944-10","1944","10","12.1","","0.9","","6.5","","18.3","","-5.0","","44.7","","0.0","","44.7","","0","","","","",""
"-78.55","45.58","ALGONQUIN PARK","6080189","1944-11","1944","11","4.1","","-3.8","","0.2","","18.3","S","-16.1","","25.7","","11.4","","37.1","","","M","","","",""
"-78.55","45.58","ALGONQUIN PARK","6080189","1944-12","1944","12","-5.7","","-15.8","","-10.8","","3.3","","-33.9","","0.0","T","120.1","","120.1","","","M","","","",""
"-78.55","45.58","ALGONQUIN PARK","6080189","1945-01","1945","01","-9.7","","-22.7","","-16.2","","-1.7","","-40.6","","0.0","","71.4","","71.4","","","M","","","",""
"-78.55","45.58","ALGONQUIN PARK","6080189","1945-02","1945","02","-3.0","","-15.1","","-9.1","","2.8","","-28.9","","0.8","","37.6","","38.4","","","M","","","",""
"-78.55","45.58","ALGONQUIN PARK","6080189","1945-03","1945","03","6.9","","-5.8","","0.6","","19.4","","-22.2","","42.7","","4.8","","47.5","","0","","","","",""
"-78.55","45.58","ALGONQUIN PARK","6080189","1945-04","1945","04","10.7","","-0.4","","5.2","","26.7","","-7.2","S","75.2","","0.8","","75.9","","0","","","","",""
"-78.55","45.58","ALGONQUIN PARK","6080189","1945-05","1945","05","14.6","","2.8","","8.7","","24.4","","-2.8","","97.5","","5.1","","102.6","","0","","","","",""
"-78.55","45.58","ALGONQUIN PARK","6080189","1945-06","1945","06","21.9","","8.5","","15.2","","31.7","","-1.7","","45.2","","0.0","","45.2","","0","","","","",""
"-78.55","45.58","ALGONQUIN PARK","6080189","1945-07","1945","07","24.3","","11.4","","17.9","","28.9","","3.3","","74.2","","0.0","","74.2","","0","","","","",""
"-78.55","45.58","ALGONQUIN PARK","6080189","1945-08","1945","08","24.7","","10.8","","17.8","","28.9","S","4.4","","43.7","","0.0","","43.7","","0","","","","",""
"-78.55","45.58","ALGONQUIN PARK","6080189","1945-09","1945","09","20.1","","7.2","","13.7","","31.1","","-3.9","","93.0","","0.0","","93.0","","0","","","","",""
"-78.55","45.58","ALGONQUIN PARK","6080189","1945-10","1945","10","11.5","","0.2","","5.9","","22.2","","-5.0","","78.0","","0.0","","78.0","","0","","","","",""
"-78.55","45.58","ALGONQUIN PARK","6080189","1945-11","1945","11","3.9","","-4.3","","-0.2","","15.6","S","-16.1","","40.9","","34.3","","75.2","","","M","","","",""
"-78.55","45.58","ALGONQUIN PARK","6080189","1945-12","1945","12","-4.6","","-18.4","","-11.5","","5.6","","-37.8","","0.8","","48.8","","49.5","","","M","","","",""
"-78.55","45.58","ALGONQUIN PARK","6080189","1946-01","1946","01","-3.8","","-16.0","","-9.9","","8.3","","-36.1","","35.8","","81.3","","117.1","","","M","","","",""
"-78.55","45.58","ALGONQUIN PARK","6080189","1946-02","1946","02","-3.7","","-21.5","","-12.6","","4.4","","-36.1","","13.5","","41.4","","54.9","","","M","","","",""
"-78.55","45.58","ALGONQUIN PARK","6080189","1946-03","1946","03","7.8","","-5.0","","1.4","","15.6","","-23.9","","8.4","","26.2","","34.5","","","M","","","",""
"-78.55","45.58","ALGONQUIN PARK","6080189","1946-04","1946","04","10.0","","-3.2","","3.4","","22.2","","-12.2","","47.5","","5.8","","53.3","","0","","","","",""
"-78.55","45.58","ALGONQUIN PARK","6080189","1946-05","1946","05","16.6","","3.2","","9.9","","26.1","","-6.7","","71.4","","0.0","","71.4","","0","","","","",""
"-78.55","45.58","ALGONQUIN PARK","6080189","1946-06","1946","06","23.0","","7.8","","15.4","","31.7","","0.6","S","48.0","","0.0","","48.0","","0","","","","",""
"-78.55","45.58","ALGONQUIN PARK","6080189","1946-07","1946","07","25.3","","11.6","","18.5","","30.0","S","6.1","","61.2","","0.0","","61.2","","0","","","","",""
"-78.55","45.58","ALGONQUIN PARK","6080189","1946-08","1946","08","22.3","","8.7","","15.5","","30.0","","2.8","","104.9","","0.0","","104.9","","0","","","","",""
"-78.55","45.58","ALGONQUIN PARK","6080189","1946-09","1946","09","20.4","","6.4","","13.4","","28.9","","-1.1","","58.9","","0.0","","58.9","","0","","","","",""
"-78.55","45.58","ALGONQUIN PARK","6080189","1946-10","1946","10","14.4","","2.6","","8.5","","26.7","","-7.2","","85.6","","0.5","","86.1","","0","","","","",""
"-78.55","45.58","ALGONQUIN PARK","6080189","1946-11","1946","11","4.7","","-3.1","","0.8","","12.2","","-13.3","","66.0","","14.0","","80.0","","","M","","","",""
"-78.55","45.58","ALGONQUIN PARK","6080189","1946-12","1946","12","-2.3","","-13.8","","-8.1","","12.2","","-30.0","","49.3","","114.3","","163.6","","","M","","","",""
"-78.55","45.58","ALGONQUIN PARK","6080189","1947-01","1947","01","-4.8","","-18.1","","-11.5","","5.6","","-38.9","","12.2","","75.4","","87.6","","","M","","","",""
"-78.55","45.58","ALGONQUIN PARK","6080189","1947-02","1947","02","-6.6","","-21.1","","-13.9","","2.8","","-38.9","","0.0","","60.5","","60.5","","","M","","","",""
"-78.55","45.58","ALGONQUIN PARK","6080189","1947-03","1947","03","1.3","","-10.7","","-4.7","","7.2","S","-21.1","","12.7","","73.7","","86.4","","","M","","","",""
"-78.55","45.58","ALGONQUIN PARK","6080189","1947-04","1947","04","6.0","","-7.0","","-0.5","","12.2","","-18.9","","66.5","","17.3","","83.8","","","M","","","",""
"-78.55","45.58","ALGONQUIN PARK","6080189","1947-05","1947","05","12.8","","1.7","E","7.3","E","22.8","","","M","100.3","","0.0","T","100.3","","","M","","","",""
"-78.55","45.58","ALGONQUIN PARK","6080189","1947-06","1947","06","22.5","","8.6","E","15.6","E","32.2","","","M","93.0","","0.0","","93.0","","","M","","","",""
"-78.55","45.58","ALGONQUIN PARK","6080189","1947-07","1947","07","24.1","","13.6","","18.9","","30.0","","7.2","","104.4","","0.0","","104.4","","","M","","","",""
"-78.55","45.58","ALGONQUIN PARK","6080189","1947-08","1947","08","26.8","","14.4","","20.6","","33.3","","3.3","","35.1","","0.0","","35.1","","","M","","","",""
"-78.55","45.58","ALGONQUIN PARK","6080189","1947-09","1947","09","18.3","","7.6","","13.0","","30.0","","-3.9","S","98.8","","0.0","","98.8","","","M","","","",""
"-78.55","45.58","ALGONQUIN PARK","6080189","1947-10","1947","10","18.7","","4.5","","11.6","","27.2","","-4.4","","30.7","","0.0","","30.7","","","M","","","",""
"-78.55","45.58","ALGONQUIN PARK","6080189","1947-11","1947","11","2.7","","-5.4","","-1.4","","14.4","","-17.2","","46.7","","30.5","","77.2","","","M","","","",""
"-78.55","45.58","ALGONQUIN PARK","6080189","1947-12","1947","12","-5.0","","-16.5","","-10.8","","5.6","","-32.2","","8.9","","39.4","","48.3","","41","","","","",""
"-78.55","45.58","ALGONQUIN PARK","6080189","1948-01","1948","01","-8.1","","-23.1","","-15.6","","4.4","","-37.8","","0.0","","66.0","","66.0","","99","","","","",""
"-78.55","45.58","ALGONQUIN PARK","6080189","1948-02","1948","02","-5.1","","-22.8","","-14.0","","6.1","","-41.1","","9.1","","31.8","","40.9","","117","","","","",""
"-78.55","45.58","ALGONQUIN PARK","6080189","1948-03","1948","03","1.4","","-14.3","","-6.5","","14.4","","-35.6","","58.2","","21.6","","79.8","","0","","","","",""
"-78.55","45.58","ALGONQUIN PARK","6080189","1948-04","1948","04","11.6","","-2.1","","4.8","","25.6","","-12.2","","57.4","","0.0","","57.4","","0","","","","",""
"-78.55","45.58","ALGONQUIN PARK","6080189","1948-05","1948","05","15.4","","2.4","","8.9","","26.7","","-4.4","","127.8","","0.0","","127.8","","","M","","","",""
"-78.55","45.58","ALGONQUIN PARK","6080189","1948-06","1948","06","22.7","","8.4","","15.6","","28.3","","0.0","","30.2","","0.0","","30.2","","","M","","","",""
"-78.55","45.58","ALGONQUIN PARK","6080189","1948-07","1948","07","25.9","","11.7","","18.8","","32.2","","5.0","","73.4","","0.0","","73.4","","","M","","","",""
"-78.55","45.58","ALGONQUIN PARK","6080189","1948-08","1948","08","24.3","","11.1","","17.7","","33.3","","5.0","","61.2","","0.0","","61.2","","","M","","","",""
"-78.55","45.58","ALGONQUIN PARK","6080189","1948-09","1948","09","21.6","","8.0","","14.8","","28.9","","0.6","","25.4","","0.0","","25.4","","","M","","","",""
"-78.55","45.58","ALGONQUIN PARK","6080189","1948-10","1948","10","11.2","","0.3","","5.8","","20.6","","-6.1","","54.6","","2.5","","57.2","","","M","","","",""
"-78.55","45.58","ALGONQUIN PARK","6080189","1948-11","1948","11","7.2","","-0.3","","3.5","","18.9","","-10.6","","77.2","","3.8","","81.0","","3","","","","",""
"-78.55","45.58","ALGONQUIN PARK","6080189","1948-12","1948","12","-1.7","","-10.2","","-6.0","","10.0","S","-32.8","","4.1","","71.1","","75.2","","58","","","","",""
"-78.55","45.58","ALGONQUIN PARK","6080189","1949-01","1949","01","-3.0","","-15.4","","-9.2","","7.2","S","-28.3","","10.9","","69.9","","80.8","","51","","","","",""
"-78.55","45.58","ALGONQUIN PARK","6080189","1949-02","1949","02","-2.3","","-16.5","","-9.4","","7.2","","-31.7","","7.9","","44.5","","52.3","","","M","","","",""
"-78.55","45.58","ALGONQUIN PARK","6080189","1949-03","1949","03","0.1","E","-12.7","E","-6.3","E","","M","","M","24.4","","77.5","","101.9","","","M","","","",""
"-78.55","45.58","ALGONQUIN PARK","6080189","1949-04","1949","04","9.3","E","-3.5","E","2.9","E","","M","","M","29.7","E","10.2","","39.9","E","0","","","","",""
"-78.55","45.58","ALGONQUIN PARK","6080189","1949-05","1949","05","16.5","E","2.5","E","9.5","E","","M","","M","30.2","","0.0","","30.2","","","M","","","",""
"-78.55","45.58","ALGONQUIN PARK","6080189","1949-06","1949","06","25.1","","13.3","","19.2","","32.2","","0.0","","90.7","","0.0","","90.7","","","M","","","",""
"-78.55","45.58","ALGONQUIN PARK","6080189","1949-07","1949","07","26.0","","13.1","","19.6","","31.7","","7.2","","45.7","","0.0","","45.7","","","M","","","",""
"-78.55","45.58","ALGONQUIN PARK","6080189","1949-08","1949","08","24.9","","12.1","","18.5","","32.2","","5.0","S","28.4","","0.0","","28.4","","","M","","","",""
"-78.55","45.58","ALGONQUIN PARK","6080189","1949-09","1949","09","17.2","","5.6","","11.4","","28.3","","-1.7","","65.5","","0.0","","65.5","","","M","","","",""
"-78.55","45.58","ALGONQUIN PARK","6080189","1949-10","1949","10","15.8","","3.9","","9.9","","25.6","","-5.6","","41.7","","0.0","","41.7","","","M","","","",""
"-78.55","45.58","ALGONQUIN PARK","6080189","1949-11","1949","11","1.2","","-6.4","","-2.6","","13.9","","-17.2","","30.7","","27.4","","58.2","","","M","","","",""
"-78.55","45.58","ALGONQUIN PARK","6080189","1949-12","1949","12","-1.7","","-9.8","","-5.8","","10.0","","-22.2","","30.2","","43.2","","73.4","","","M","","","",""
"-78.55","45.58","ALGONQUIN PARK","6080189","1950-01","1950","01","-1.3","","-14.1","","-7.7","","11.7","","-34.4","S","25.4","","27.9","","53.3","","","","","","",""
"-78.55","45.58","ALGONQUIN PARK","6080189","1950-02","1950","02","-5.9","","-16.5","","-11.2","","1.7","","-36.1","","0.0","","54.6","","54.6","","","","","","",""
"-78.55","45.58","ALGONQUIN PARK","6080189","1950-03","1950","03","-0.2","","-14.3","","-7.3","","7.8","S","-41.1","","12.7","","24.1","","36.8","","","","","","",""
"-78.55","45.58","ALGONQUIN PARK","6080189","1950-04","1950","04","5.3","","-5.2","","0.1","","17.8","","-14.4","S","38.6","E","10.2","E","48.8","E","","","","","",""
"-78.55","45.58","ALGONQUIN PARK","6080189","1950-05","1950","05","17.6","","3.3","","10.5","","28.3","","-6.1","","32.0","E","1.0","E","33.0","E","","","","","",""
"-78.55","45.58","ALGONQUIN PARK","6080189","1950-06","1950","06","21.8","","8.7","","15.3","","29.4","","-0.6","","69.1","","0.0","","69.1","","","","","","",""
"-78.55","45.58","ALGONQUIN PARK","6080189","1950-07","1950","07","22.2","","11.8","","17.0","","28.9","","5.6","S","102.1","","0.0","","102.1","","","","","","",""
"-78.55","45.58","ALGONQUIN PARK","6080189","1950-08","1950","08","21.4","","10.8","","16.1","","28.3","S","2.8","","106.2","","0.0","","106.2","","","","","","",""
"-78.55","45.58","ALGONQUIN PARK","6080189","1950-09","1950","09","17.3","","5.3","","11.3","","26.1","S","-2.8","","25.9","","0.0","","25.9","","","","","","",""
"-78.55","45.58","ALGONQUIN PARK","6080189","1950-10","1950","10","13.2","","2.9","","8.1","","25.6","","-5.6","","50.8","","0.0","","50.8","","","","","","",""
"-78.55","45.58","ALGONQUIN PARK","6080189","1950-11","1950","11","3.6","","-3.9","","-0.2","","21.7","","-16.1","","62.7","","67.3","","130.0","","","","","","",""
"-78.55","45.58","ALGONQUIN PARK","6080189","1950-12","1950","12","-2.8","","-12.9","","-7.9","","5.6","","-35.6","","","M","33.0","","","M","","","","","",""
"-78.55","45.58","ALGONQUIN PARK","6080189","1951-01","1951","01","-4.6","","-17.3","","-11.0","","7.2","","-38.3","","27.9","","61.0","","88.9","","","M","","","",""
"-78.55","45.58","ALGONQUIN PARK","6080189","1951-02","1951","02","-1.7","","-14.6","","-8.2","","10.0","","-42.2","","16.5","","55.9","","72.4","","","M","","","",""
"-78.55","45.58","ALGONQUIN PARK","6080189","1951-03","1951","03","2.2","","-8.6","","-3.2","","11.1","","-27.8","","47.8","","68.6","","116.3","","","M","","","",""
"-78.55","45.58","ALGONQUIN PARK","6080189","1951-04","1951","04","8.1","","-1.1","","3.5","","17.8","","-6.1","S","50.0","","16.5","","66.5","","","M","","","",""
"-78.55","45.58","ALGONQUIN PARK","6080189","1951-05","1951","05","19.2","","3.7","","11.5","","27.8","","-2.2","S","32.5","","0.0","","32.5","","","M","","","",""
"-78.55","45.58","ALGONQUIN PARK","6080189","1951-06","1951","06","21.7","","9.9","","15.8","","28.3","","1.7","S","76.2","","0.0","","76.2","","","M","","","",""
"-78.55","45.58","ALGONQUIN PARK","6080189","1951-07","1951","07","23.0","","12.3","","17.7","","28.3","","6.1","","121.7","","0.0","","121.7","","","M","","","",""
"-78.55","45.58","ALGONQUIN PARK","6080189","1951-08","1951","08","21.6","","9.3","","15.5","","27.2","","3.3","S","81.3","","0.0","","81.3","","","M","","","",""
"-78.55","45.58","ALGONQUIN PARK","6080189","1951-09","1951","09","17.3","","6.4","","11.9","","28.3","","-2.8","","92.5","","0.0","","92.5","","","M","","","",""
"-78.55","45.58","ALGONQUIN PARK","6080189","1951-10","1951","10","13.4","","1.9","","7.7","","26.7","","-5.6","","118.6","","0.0","T","118.6","","0","","","","",""
"-78.55","45.58","ALGONQUIN PARK","6080189","1951-11","1951","11","0.5","","-7.0","","-3.3","","10.6","","-18.9","","41.4","","65.3","","106.7","","0","","","","",""
"-78.55","45.58","ALGONQUIN PARK","6080189","1951-12","1951","12","-3.1","","-13.6","","-8.4","","12.8","","-35.6","","24.1","","52.1","","76.2","","0","","","","",""
"-78.55","45.58","ALGONQUIN PARK","6080189","1952-01","1952","01","-3.7","","-15.4","","-9.6","","7.2","","-37.8","","50.3","","43.2","","93.5","","0","","","","",""
"-78.55","45.58","ALGONQUIN PARK","6080189","1952-02","1952","02","-2.4","","-14.6","","-8.5","","2.2","S","-26.7","","0.0","","41.4","","41.4","","0","","","","",""
"-78.55","45.58","ALGONQUIN PARK","6080189","1952-03","1952","03","0.0","","-12.0","","-6.0","","12.8","","-24.4","","15.2","","33.0","","48.3","","","M","","","",""
"-78.55","45.58","ALGONQUIN PARK","6080189","1952-04","1952","04","12.2","","-2.4","","4.9","","22.8","","-11.7","S","24.6","","20.3","","45.0","","","M","","","",""
"-78.55","45.58","ALGONQUIN PARK","6080189","1952-05","1952","05","15.3","","3.3","","9.3","","24.4","","-3.9","","75.9","","0.0","","75.9","","","M","","","",""
"-78.55","45.58","ALGONQUIN PARK","6080189","1952-06","1952","06","21.9","","10.1","","16.0","","28.3","","1.7","","90.9","","0.0","","90.9","","","M","","","",""
"-78.55","45.58","ALGONQUIN PARK","6080189","1952-07","1952","07","26.4","","13.7","","20.1","","31.7","","6.7","","73.9","","0.0","","73.9","","","M","","","",""
"-78.55","45.58","ALGONQUIN PARK","6080189","1952-08","1952","08","23.9","","10.4","","17.2","","31.7","S","3.3","","81.0","","0.0","","81.0","","","M","","","",""
"-78.55","45.58","ALGONQUIN PARK","6080189","1952-09","1952","09","20.1","","8.1","","14.1","","30.0","","-1.1","","124.2","","0.0","","124.2","","","M","","","",""
"-78.55","45.58","ALGONQUIN PARK","6080189","1952-10","1952","10","8.4","","-0.8","","3.8","","16.1","","-6.7","S","30.2","","5.1","","35.3","","","M","","","",""
"-78.55","45.58","ALGONQUIN PARK","6080189","1952-11","1952","11","4.7","","-2.0","","1.4","","16.1","","-12.2","","74.7","","2.5","","77.2","","","M","","","",""
"-78.55","45.58","ALGONQUIN PARK","6080189","1952-12","1952","12","-1.3","","-10.4","","-5.9","","7.2","S","-28.9","","23.4","","47.0","","70.4","","","M","","","",""
"-78.55","45.58","ALGONQUIN PARK","6080189","1953-01","1953","01","-3.6","","-14.4","","-9.0","","6.1","","-27.8","","23.1","","25.4","","48.5","","","","","","",""
"-78.55","45.58","ALGONQUIN PARK","6080189","1953-02","1953","02","-1.4","","-13.4","","-7.4","","7.2","S","-27.8","","24.1","","53.3","","77.5","","","","","","",""
"-78.55","45.58","ALGONQUIN PARK","6080189","1953-03","1953","03","1.9","","-8.4","","-3.3","","13.3","","-32.2","","100.3","","7.6","","108.0","","","","","","",""
"-78.55","45.58","ALGONQUIN PARK","6080189","1953-04","1953","04","8.2","","-2.7","","2.8","","12.8","S","-8.3","S","67.6","","0.0","T","67.6","","","","","","",""
"-78.55","45.58","ALGONQUIN PARK","6080189","1953-05","1953","05","18.2","","3.9","","11.1","","27.8","","-5.6","","55.4","","0.0","","55.4","","","","","","",""
"-78.55","45.58","ALGONQUIN PARK","6080189","1953-06","1953","06","21.9","","9.2","","15.6","","30.0","","1.7","S","42.4","","0.0","","42.4","","","","","","",""
"-78.55","45.58","ALGONQUIN PARK","6080189","1953-07","1953","07","24.7","","12.2","","18.5","","32.2","","5.6","","56.6","","0.0","","56.6","","","","","","",""
"-78.55","45.58","ALGONQUIN PARK","6080189","1953-08","1953","08","24.7","","11.2","","18.0","","32.2","","3.9","","33.3","","0.0","","33.3","","","","","","",""
"-78.55","45.58","ALGONQUIN PARK","6080189","1953-09","1953","09","19.3","","7.1","","13.2","","33.9","","-1.7","","145.3","","0.0","","145.3","","","","","","",""
"-78.55","45.58","ALGONQUIN PARK","6080189","1953-10","1953","10","14.7","","0.6","","7.7","","25.6","","-6.7","","30.5","","0.0","","30.5","","","","","","",""
"-78.55","45.58","ALGONQUIN PARK","6080189","1953-11","1953","11","6.1","","-1.9","","2.1","","17.2","","-12.8","","29.2","","27.9","","57.2","","","","","","",""
"-78.55","45.58","ALGONQUIN PARK","6080189","1953-12","1953","12","-0.7","","-10.2","","-5.5","","10.0","","-27.8","","23.6","","72.4","","96.0","","","","","","",""
"-78.55","45.58","ALGONQUIN PARK","6080189","1954-01","1954","01","-8.8","","-20.8","","-14.8","","2.2","S","-36.1","","","M","","M","","M","","","","","",""
"-78.55","45.58","ALGONQUIN PARK","6080189","1954-02","1954","02","-0.2","","-11.7","","-6.0","","10.0","","-35.6","","","M","","M","","M","","","","","",""
"-78.55","45.58","ALGONQUIN PARK","6080189","1954-03","1954","03","-0.1","","-11.9","","-6.0","","10.0","","-22.2","","20.1","","31.8","","51.8","","","","","","",""
"-78.55","45.58","ALGONQUIN PARK","6080189","1954-04","1954","04","8.9","","-3.5","","2.7","","23.3","","-28.9","","90.7","","15.2","","105.9","","","","","","",""
"-78.55","45.58","ALGONQUIN PARK","6080189","1954-05","1954","05","14.9","","3.0","","9.0","","24.4","","-4.4","","50.8","","0.0","","50.8","","","","","","",""
"-78.55","45.58","ALGONQUIN PARK","6080189","1954-06","1954","06","22.0","","11.8","","16.9","","27.8","","6.7","S","112.0","","0.0","","112.0","","","","","","",""
"-78.55","45.58","ALGONQUIN PARK","6080189","1954-07","1954","07","22.0","","10.8","","16.4","","27.2","","3.9","","98.3","","0.0","","98.3","","","","","","",""
"-78.55","45.58","ALGONQUIN PARK","6080189","1954-08","1954","08","20.9","","10.3","","15.6","","27.2","","2.8","","85.9","","0.0","","85.9","","","","","","",""
"-78.55","45.58","ALGONQUIN PARK","6080189","1954-09","1954","09","16.0","","6.3","","11.2","","22.8","S","-1.1","","148.6","","0.0","","148.6","","","","","","",""
"-78.55","45.58","ALGONQUIN PARK","6080189","1954-10","1954","10","12.0","","3.8","","7.9","","22.8","","-3.3","","118.1","","0.0","T","118.1","","","","","","",""
"-78.55","45.58","ALGONQUIN PARK","6080189","1954-11","1954","11","4.0","E","-2.6","","0.7","E","","M","-10.6","","26.2","","21.6","","47.8","","","","","","",""
"-78.55","45.58","ALGONQUIN PARK","6080189","1954-12","1954","12","-4.3","","-13.8","","-9.1","","0.6","S","-32.2","","0.0","","67.3","","67.3","","","","","","",""
"-78.55","45.58","ALGONQUIN PARK","6080189","1955-01","1955","01","-6.9","","-18.6","","-12.8","","0.6","","-36.7","","0.0","","33.0","","33.0","","","","","","",""
"-78.55","45.58","ALGONQUIN PARK","6080189","1955-02","1955","02","-4.1","","-16.3","","-10.2","","4.4","S","-35.6","","1.3","","36.8","","38.1","","","","","","",""
"-78.55","45.58","ALGONQUIN PARK","6080189","1955-03","1955","03","-1.1","","-12.7","","-6.9","","9.4","","-27.8","","33.5","","50.3","","83.8","","","","","","",""
"-78.55","45.58","ALGONQUIN PARK","6080189","1955-04","1955","04","11.4","","0.6","","6.0","","21.1","","-10.0","","65.3","","0.0","","65.3","","","","","","",""
"-78.55","45.58","ALGONQUIN PARK","6080189","1955-05","1955","05","18.8","","5.3","","12.1","","28.3","","-2.2","","55.1","","0.0","","55.1","","","","","","",""
"-78.55","45.58","ALGONQUIN PARK","6080189","1955-06","1955","06","23.2","","10.9","","17.1","","31.1","","4.4","","38.6","","0.0","","38.6","","","","","","",""
"-78.55","45.58","ALGONQUIN PARK","6080189","1955-07","1955","07","27.3","","13.9","","20.6","","33.9","","7.2","","91.4","","0.0","","91.4","","","","","","",""
"-78.55","45.58","ALGONQUIN PARK","6080189","1955-08","1955","08","25.7","","13.8","","19.8","","33.3","","4.4","","65.8","","0.0","","65.8","","","","","","",""
"-78.55","45.58","ALGONQUIN PARK","6080189","1955-09","1955","09","19.6","","5.8","","12.7","","30.6","","-2.2","","16.3","","0.0","","16.3","","","","","","",""
"-78.55","45.58","ALGONQUIN PARK","6080189","1955-10","1955","10","12.5","","3.2","","7.9","","23.9","","-7.2","","194.3","","1.3","","195.6","","","","","","",""
"-78.55","45.58","ALGONQUIN PARK","6080189","1955-11","1955","11","1.4","","-5.9","","-2.3","","8.9","S","-16.1","S","42.9","","39.4","","82.3","","","","","","",""
"-78.55","45.58","ALGONQUIN PARK","6080189","1955-12","1955","12","-6.9","","-16.9","","-11.9","","0.6","S","-35.0","","0.0","","26.7","","26.7","","","","","","",""
"-78.55","45.58","ALGONQUIN PARK","6080189","1956-01","1956","01","-5.7","","-16.1","","-10.9","","3.9","","-28.9","","15.2","","24.9","","40.1","","","M","","","",""
"-78.55","45.58","ALGONQUIN PARK","6080189","1956-02","1956","02","-3.4","","-16.6","","-10.0","","3.3","","-28.9","","9.7","","57.2","","66.8","","0","","","","",""
"-78.55","45.58","ALGONQUIN PARK","6080189","1956-03","1956","03","-1.2","","-16.2","","-8.7","","5.0","","-28.3","","2.0","","31.8","","33.8","","0","","","","",""
"-78.55","45.58","ALGONQUIN PARK","6080189","1956-04","1956","04","5.7","","-4.1","","0.8","","12.8","","-16.7","","47.0","","7.6","","54.6","","0","","","","",""
"-78.55","45.58","ALGONQUIN PARK","6080189","1956-05","1956","05","12.6","","0.3","","6.5","","25.0","","-8.9","","127.3","","0.0","","127.3","","0","","","","",""
"-78.55","45.58","ALGONQUIN PARK","6080189","1956-06","1956","06","22.0","","10.1","","16.1","","32.2","","3.9","","112.8","","0.0","","112.8","","0","","","","",""
"-78.55","45.58","ALGONQUIN PARK","6080189","1956-07","1956","07","21.8","","11.2","","16.5","","27.8","","5.6","","108.7","","0.0","","108.7","","0","","","","",""
"-78.55","45.58","ALGONQUIN PARK","6080189","1956-08","1956","08","22.2","","10.9","","16.6","","28.9","","4.4","","127.8","","0.0","","127.8","","0","","","","",""
"-78.55","45.58","ALGONQUIN PARK","6080189","1956-09","1956","09","16.1","","5.0","","10.6","","26.7","","-2.2","","105.2","","0.0","","105.2","","0","","","","",""
"-78.55","45.58","ALGONQUIN PARK","6080189","1956-10","1956","10","15.3","","1.8","","8.6","","23.3","","-5.6","","33.3","","0.0","","33.3","","","M","","","",""
"-78.55","45.58","ALGONQUIN PARK","6080189","1956-11","1956","11","3.9","","-4.0","","-0.1","","15.6","S","-24.4","","64.5","","37.3","","101.9","","","M","","","",""
"-78.55","45.58","ALGONQUIN PARK","6080189","1956-12","1956","12","-3.2","","-12.1","","-7.7","","4.4","","-30.6","","9.4","","44.5","","53.8","","0","","","","",""
"-78.55","45.58","ALGONQUIN PARK","6080189","1957-01","1957","01","-9.2","","-20.7","","-15.0","","6.1","","-39.4","","24.4","","48.3","","72.6","","","M","","","",""
"-78.55","45.58","ALGONQUIN PARK","6080189","1957-02","1957","02","-1.6","","-12.4","","-7.0","","6.7","","-26.7","","7.4","","27.9","","35.3","","","M","","","",""
"-78.55","45.58","ALGONQUIN PARK","6080189","1957-03","1957","03","1.9","","-10.3","","-4.2","","13.3","","-21.1","","12.4","","19.1","","31.5","","","M","","","",""
"-78.55","45.58","ALGONQUIN PARK","6080189","1957-04","1957","04","10.2","","-2.2","","4.0","","24.4","","-12.8","","37.6","","3.8","","41.4","","","M","","","",""
"-78.55","45.58","ALGONQUIN PARK","6080189","1957-05","1957","05","15.9","","3.2","","9.6","","26.7","","-5.0","S","67.1","","0.0","","67.1","","0","","","","",""
"-78.55","45.58","ALGONQUIN PARK","6080189","1957-06","1957","06","21.7","","10.8","","16.3","","31.1","","2.2","","231.4","","0.0","","231.4","","0","","","","",""
"-78.55","45.58","ALGONQUIN PARK","6080189","1957-07","1957","07","24.6","","11.8","","18.2","","30.0","","3.9","","55.4","","0.0","","55.4","","0","","","","",""
"-78.55","45.58","ALGONQUIN PARK","6080189","1957-08","1957","08","21.6","","9.0","","15.3","","28.3","","2.2","","27.4","","0.0","","27.4","","0","","","","",""
"-78.55","45.58","ALGONQUIN PARK","6080189","1957-09","1957","09","18.7","","7.2","","13.0","","25.6","","-2.8","","190.5","","0.0","","190.5","","0","","","","",""
"-78.55","45.58","ALGONQUIN PARK","6080189","1957-10","1957","10","11.3","","0.9","","6.1","","21.1","","-7.8","","85.6","","3.8","","89.4","","","M","","","",""
"-78.55","45.58","ALGONQUIN PARK","6080189","1957-11","1957","11","3.9","","-3.0","","0.5","","11.1","","-20.0","","70.6","","52.1","","122.7","","","M","","","",""
"-78.55","45.58","ALGONQUIN PARK","6080189","1957-12","1957","12","-1.4","","-10.9","","-6.2","","10.0","","-30.0","","35.3","","52.1","","87.4","","","M","","","",""
"-78.55","45.58","ALGONQUIN PARK","6080189","1958-01","1958","01","-5.3","","-15.8","","-10.6","","0.6","S","-34.4","","0.0","","54.6","","54.6","","","","","","",""
"-78.55","45.58","ALGONQUIN PARK","6080189","1958-02","1958","02","-8.1","","-19.6","","-13.9","","5.0","","-33.3","S","0.0","","31.8","","31.8","","","","","","",""
"-78.55","45.58","ALGONQUIN PARK","6080189","1958-03","1958","03","2.6","","-6.8","","-2.1","","7.2","","-14.4","","0.0","","24.1","","24.1","","","","","","",""
"-78.55","45.58","ALGONQUIN PARK","6080189","1958-04","1958","04","10.5","","-2.9","","3.8","","21.1","","-11.1","","26.2","","10.2","","36.3","","","","","","",""
"-78.55","45.58","ALGONQUIN PARK","6080189","1958-05","1958","05","15.0","","1.5","","8.3","","25.6","","-6.1","","56.4","","0.0","","56.4","","","","","","",""
"-78.55","45.58","ALGONQUIN PARK","6080189","1958-06","1958","06","19.1","","6.0","","12.6","","26.1","","1.7","S","93.5","","0.0","","93.5","","","","","","",""
"-78.55","45.58","ALGONQUIN PARK","6080189","1958-07","1958","07","23.0","","11.9","","17.5","","28.3","","5.6","","73.2","","0.0","","73.2","","","","","","",""
"-78.55","45.58","ALGONQUIN PARK","6080189","1958-08","1958","08","22.9","","10.7","","16.8","","30.0","","4.4","","69.6","","0.0","","69.6","","","","","","",""
"-78.55","45.58","ALGONQUIN PARK","6080189","1958-09","1958","09","18.1","","6.3","","12.2","","24.4","","0.6","","97.5","","0.0","","97.5","","","","","","",""
"-78.55","45.58","ALGONQUIN PARK","6080189","1958-10","1958","10","12.2","","0.8","","6.5","","20.0","S","-6.7","","88.6","","0.0","","88.6","","","","","","",""
"-78.55","45.58","ALGONQUIN PARK","6080189","1958-11","1958","11","4.6","","-3.9","","0.4","","16.7","","-22.2","","39.6","","26.7","","66.3","","","","","","",""
"-78.55","45.58","ALGONQUIN PARK","6080189","1958-12","1958","12","-7.5","","-20.9","","-14.2","","2.2","","-37.2","","0.0","","41.9","","41.9","","","","","","",""
"-78.55","45.58","ALGONQUIN PARK","6080189","1959-01","1959","01","-8.8","","-17.4","","-13.1","","7.2","","-35.0","","3.0","","62.5","","65.5","","","","","","",""
"-78.55","45.58","ALGONQUIN PARK","6080189","1959-02","1959","02","-7.7","","-23.6","","-15.7","","1.7","","-39.4","","0.0","","134.6","","134.6","","","","","","",""
"-78.55","45.58","ALGONQUIN PARK","6080189","1959-03","1959","03","-0.3","","-14.2","","-7.3","","7.2","S","-31.7","","3.0","","53.3","","56.4","","","","","","",""
"-78.55","45.58","ALGONQUIN PARK","6080189","1959-04","1959","04","7.6","","-3.3","","2.2","","15.0","S","-12.2","S","50.5","","4.6","","55.1","","","","","","",""
"-78.55","45.58","ALGONQUIN PARK","6080189","1959-05","1959","05","17.6","","5.2","","11.4","","26.7","S","-5.0","","64.8","","0.0","","64.8","","","","","","",""
"-78.55","45.58","ALGONQUIN PARK","6080189","1959-06","1959","06","22.4","","10.7","","16.6","","30.0","","3.9","S","35.6","","0.0","","35.6","","","","","","",""
"-78.55","45.58","ALGONQUIN PARK","6080189","1959-07","1959","07","25.6","","13.3","","19.5","","31.1","","7.8","S","84.3","","0.0","","84.3","","","","","","",""
"-78.55","45.58","ALGONQUIN PARK","6080189","1959-08","1959","08","24.3","","15.2","","19.8","","30.6","","5.0","","139.4","","0.0","","139.4","","","","","","",""
"-78.55","45.58","ALGONQUIN PARK","6080189","1959-09","1959","09","19.6","","9.1","","14.4","","30.6","","-2.2","","128.0","","0.0","","128.0","","","","","","",""
"-78.55","45.58","ALGONQUIN PARK","6080189","1959-10","1959","10","8.7","","1.5","","5.1","","18.9","","-9.4","","98.8","","8.9","","107.7","","","","","","",""
"-78.55","45.58","ALGONQUIN PARK","6080189","1959-11","1959","11","1.4","","-6.6","","-2.6","","13.9","","-15.6","","92.2","","54.6","","146.8","","","","","","",""
"-78.55","45.58","ALGONQUIN PARK","6080189","1959-12","1959","12","-3.9","","-12.4","","-8.2","","2.2","S","-31.1","","16.8","","82.8","","99.6","","","","","","",""
"-78.55","45.58","ALGONQUIN PARK","6080189","1960-01","1960","01","-6.5","","-17.7","","-12.1","","0.6","","-38.3","","0.0","","96.5","","96.5","","","","","","",""
"-78.55","45.58","ALGONQUIN PARK","6080189","1960-02","1960","02","-4.3","","-14.8","","-9.6","","4.4","","-31.1","","10.9","","101.6","","112.5","","","","","","",""
"-78.55","45.58","ALGONQUIN PARK","6080189","1960-03","1960","03","-4.1","","-18.5","","-11.3","","13.9","","-31.7","","7.6","","11.4","","19.1","","","","","","",""
"-78.55","45.58","ALGONQUIN PARK","6080189","1960-04","1960","04","8.7","","-1.8","","3.5","","17.8","","-12.8","","50.8","","3.8","","54.6","","","","","","",""
"-78.55","45.58","ALGONQUIN PARK","6080189","1960-05","1960","05","18.5","","7.6","","13.1","","26.7","","-3.9","","79.2","","0.0","","79.2","","","","","","",""
"-78.55","45.58","ALGONQUIN PARK","6080189","1960-06","1960","06","21.2","","8.3","","14.8","","26.1","","0.0","","128.5","","0.0","","128.5","","","","","","",""
"-78.55","45.58","ALGONQUIN PARK","6080189","1960-07","1960","07","22.7","","11.1","","16.9","","27.8","S","6.7","","88.6","","0.0","","88.6","","","","","","",""
"-78.55","45.58","ALGONQUIN PARK","6080189","1960-08","1960","08","23.5","","10.9","","17.2","","28.9","S","3.3","","","M","","M","","M","","","","","",""
"-78.55","45.58","ALGONQUIN PARK","6080189","1960-09","1960","09","","M","","M","","M","","M","","M","","M","","M","","M","","","","","",""
"-78.55","45.58","ALGONQUIN PARK","6080189","1960-10","1960","10","","M","","M","","M","","M","","M","","M","","M","","M","","","","","",""
"-78.55","45.58","ALGONQUIN PARK","6080189","1960-11","1960","11","","M","","M","","M","","M","","M","","M","","M","","M","","","","","",""
"-78.55","45.58","ALGONQUIN PARK","6080189","1960-12","1960","12","","M","","M","","M","","M","","M","","M","","M","","M","","","","","",""
